-- MySQL dump 10.13  Distrib 8.0.39, for Win64 (x86_64)
--
-- Host: localhost    Database: absenrajawali
-- ------------------------------------------------------
-- Server version	8.0.39

/*!40101 SET @OLD_CHARACTER_SET_CLIENT=@@CHARACTER_SET_CLIENT */;
/*!40101 SET @OLD_CHARACTER_SET_RESULTS=@@CHARACTER_SET_RESULTS */;
/*!40101 SET @OLD_COLLATION_CONNECTION=@@COLLATION_CONNECTION */;
/*!50503 SET NAMES utf8mb4 */;
/*!40103 SET @OLD_TIME_ZONE=@@TIME_ZONE */;
/*!40103 SET TIME_ZONE='+00:00' */;
/*!40014 SET @OLD_UNIQUE_CHECKS=@@UNIQUE_CHECKS, UNIQUE_CHECKS=0 */;
/*!40014 SET @OLD_FOREIGN_KEY_CHECKS=@@FOREIGN_KEY_CHECKS, FOREIGN_KEY_CHECKS=0 */;
/*!40101 SET @OLD_SQL_MODE=@@SQL_MODE, SQL_MODE='NO_AUTO_VALUE_ON_ZERO' */;
/*!40111 SET @OLD_SQL_NOTES=@@SQL_NOTES, SQL_NOTES=0 */;

--
-- Table structure for table `cuti`
--

DROP TABLE IF EXISTS `cuti`;
/*!40101 SET @saved_cs_client     = @@character_set_client */;
/*!50503 SET character_set_client = utf8mb4 */;
CREATE TABLE `cuti` (
  `nama` varchar(255) DEFAULT NULL,
  `jumlah_cuti` int DEFAULT NULL,
  KEY `fk_cuti_nik` (`nama`)
) ENGINE=InnoDB DEFAULT CHARSET=utf8mb4 COLLATE=utf8mb4_0900_ai_ci;
/*!40101 SET character_set_client = @saved_cs_client */;

--
-- Dumping data for table `cuti`
--

LOCK TABLES `cuti` WRITE;
/*!40000 ALTER TABLE `cuti` DISABLE KEYS */;
INSERT INTO `cuti` VALUES ('sujilan',0),('nartin rasboenga',0),('WINA DAMAYANI',0),('SULAIN',0),('RONALD YANSEN KOMANSILAN',0),('INDAH LESTARI',0),('PARTO',0),('FEBRIANSYAH',0),('PUTRI RISTI INDRIYANI',0),('YESSE PUTRI DEBITHA',0),('DEDE JUBAEDAH',0),('INDRA CHRIST DESWIRA SARAGIH',0),('SRI ULINA SARAGIH',0),('STEPHEN DERMAWAN',0),('HANA NURAINI SOFYAN',0),('CRYSTAL NOVEL LIGAR LESTARI',0),('SANAH SEDUBUN',0),('DEWI MARIENTA SIAHAAN',0),('KALTIKA FITRI',0),('NIKI MUNANDAR',0),('WINSTON WIHARTO SUMA',0),('NIRWAN EPENDI',0),('MICHAEL SURYA WIJAYA',0),('ANDIKA SUYITNO',0),('SLAMET WIDODO',0),('DEWI PUSPITASARI',0),('ASEP MAULANA',0),('ADELINE GENIE NATAN',0),('JONI',1),('MUTYA SILVIA',0),('MARTA MULJADI',0),('RESTU CHAIRIL FAHMI',0),('LIDYA JEFRI',0),('ANDREAS THIO MICHAEL',0),('CATUR CAHYONO',0),('SAHAB MARAJIBAL',0),('MESRAWATI HIA',0),('RANDI SEPTIANA',0),('MEIDHITA SUSANDI',0),('MUHAMMAD RUSLAN NASRULLAH',0),('IKA RESTIANA',0),('APRIYANTO',0),('ARIES PURNOMO',0),('GAZALI',0),('ARIF NURACHMAN',0),('NURCHOLIS MASJID',0),('VERA HARTATY NAINGGOLAN',0),('ANTHONY SALIM',0),('M EKO AL BADRUN',0),('LISDA NURCAHYANI',0),('NUR AFIFAH ASIATUL',0),('NONI KOMARIAH SARI',0),('WENDI JOHAN',0),('Lulu Awaliyah',0),('INTAN DWI FATWA',0),('WAHYUNI',0),('AMIN NUR ROHMAN',0),('PALMEIDA DESRENNY HARAHAP',0),('TEDDY SETIAWAN ZUNAEDI',0),('OKTAVIANUS AMBULENGO',0),('DIMAS WILDANI AL IRHAS',0),('SELAMET SUSILO',0),('EMMANUEL HAMONANGAN SIBARANI',0),('DWI IRYANTI',0),('ALLANDA',0),('SYAVIRA SUCI RAMADHITA',0),('TARSUN ARAFAN MULYA',0),('FAUZIAH FITRI',0),('MOHHAMMAD SYAHRUL KURNIA',0),('HENDRI',0),('Eulis Kusmiati',0),('TEGUH KODARMAN',0),('DIAN ARYANI',0),('Rendi Mardiansah',0),('YUNANDI YASMIN',0),('ACHMAD YUSUF SAPUTRA',0),('MONICA SINAGA',0),('DESY FRANSISCA',0),('DON SEBASTIAN IGNATIUS SIAGIAN',0),('LIANG MUNANDAR',0),('PUTRI AISYATI INRUM',0),('TIAS STEVANI',0),('VERA NOVERA',0),('MOCHAMMAD SALEH',0),('Dendy Rozano Widiyanto',0),('SULAIMAN',0),('MARSIDI',0),('DONNY DWIYANTO',0),('NURIL AYU ANIWINDIRA',0),('MUMIN',0),('SRI SUNARTO',0),('HANIF NUR PRATAMA',0),('AGUS DJULIANTO RAHAJU',0),('YAMAN',0),('ABDUL KHAIR JABAR',0),('HARYO PERDANA SENO AJI',0),('HARDIANSYAH SAPUTRA',0),('MUHAMMAD RANDIKA RAHMANDA',0),('WIDI SITRIAN TELAUMBANUA',0),('NOUVAL HIDAYAT MUCHTAR',0),('ESSY ADELINA',0),('NANDA NABILA AULIA FAJRI',0),('Bimo Purnomo',0),('M Auddly Fauzan',1),('BAYU AJI PRABOWO',3),('SUYITNO',0),('Y RUDI RUMAKSONO',0),('AGUSTINUS DWIANTORO',0),('HERU DWI JATMIKO',0),('PUJI MULATO',0),('DEKA PRABOWO',0),('M SYAIFUL BAHRI',0),('NIKEN WAHYUNING CANDRA',0),('ASHMIEZAR ADHAM',0),('ABU DZAR AL GHIFARI',0),('ABDUL ROHMAN',0),('AKHMAD PRIYANTO',0),('ICVAN FAJAR SETIAWAN',0),('MARCELINA INDARWATI',0),('IAN LESMANA',0),('admin',0),('ANANDA YOGA PRASETYO',0),('SUPRIYANTO',0),('YEN YEN',0),('ADI KURNIAWAN',0),('HERI',0),('WANTONO',0),('LIM RAH SALIM',0),('IKHSAN FAZAR HENDIANSYAH',0),('GOMGOM SIAGIAN',0),('WINDA NATALISA',0),('NUR WIWID ADHI LAXMANA',0),('URIP BUDIYANTO',0),('ROBI AJID',0),('RIBKA NOVIANA ANGELINE',0),('SIGIT',0),('YAYA KUSWAYA',0),('MADI',0),('HARYADI',0),('AGUS SETIAWAN',0),('YOSEFIN MEYLISTA CHRISTIANTI BRIA',0),('YANA OKTAFIANA',0),('ANISA NANDA REZEQI',0),('ANISA CHELSEA ISLAMI',0),('WIJANARKO',0),('MOCHTAR JAPAR',0);
/*!40000 ALTER TABLE `cuti` ENABLE KEYS */;
UNLOCK TABLES;
/*!50003 SET @saved_cs_client      = @@character_set_client */ ;
/*!50003 SET @saved_cs_results     = @@character_set_results */ ;
/*!50003 SET @saved_col_connection = @@collation_connection */ ;
/*!50003 SET character_set_client  = cp850 */ ;
/*!50003 SET character_set_results = cp850 */ ;
/*!50003 SET collation_connection  = cp850_general_ci */ ;
/*!50003 SET @saved_sql_mode       = @@sql_mode */ ;
/*!50003 SET sql_mode              = 'ONLY_FULL_GROUP_BY,STRICT_TRANS_TABLES,NO_ZERO_IN_DATE,NO_ZERO_DATE,ERROR_FOR_DIVISION_BY_ZERO,NO_ENGINE_SUBSTITUTION' */ ;
DELIMITER ;;
/*!50003 CREATE*/ /*!50017 DEFINER=`root`@`localhost`*/ /*!50003 TRIGGER `updateCuti` BEFORE UPDATE ON `cuti` FOR EACH ROW begin 
   if(new.jumlah_cuti > month(current_timestamp)) then
   SIGNAL SQLSTATE '45000' SET MESSAGE_TEXT = 'anda mencoba ambil cuti lebih dari yang sudah akumulasi';
   end if;
end */;;
DELIMITER ;
/*!50003 SET sql_mode              = @saved_sql_mode */ ;
/*!50003 SET character_set_client  = @saved_cs_client */ ;
/*!50003 SET character_set_results = @saved_cs_results */ ;
/*!50003 SET collation_connection  = @saved_col_connection */ ;

--
-- Table structure for table `divisi`
--

DROP TABLE IF EXISTS `divisi`;
/*!40101 SET @saved_cs_client     = @@character_set_client */;
/*!50503 SET character_set_client = utf8mb4 */;
CREATE TABLE `divisi` (
  `id` varchar(30) NOT NULL,
  `namaDivisi` varchar(30) DEFAULT NULL,
  PRIMARY KEY (`id`)
) ENGINE=InnoDB DEFAULT CHARSET=utf8mb4 COLLATE=utf8mb4_0900_ai_ci;
/*!40101 SET character_set_client = @saved_cs_client */;

--
-- Dumping data for table `divisi`
--

LOCK TABLES `divisi` WRITE;
/*!40000 ALTER TABLE `divisi` DISABLE KEYS */;
INSERT INTO `divisi` VALUES ('D01','Admin Sales & Engineer'),('D02','ERP'),('D03','Estimator'),('D04','Finance & Accounting'),('D05','GTI'),('D06','Logistik'),('D07','MEP'),('D08','Operation'),('D09','PCS'),('D10','PPJM'),('D11','Purchasing'),('D12','RPE'),('D13','Sales'),('D14','Service'),('D15','Team Bali'),('D16','Teknisi TC');
/*!40000 ALTER TABLE `divisi` ENABLE KEYS */;
UNLOCK TABLES;

--
-- Table structure for table `izinkaryawan`
--

DROP TABLE IF EXISTS `izinkaryawan`;
/*!40101 SET @saved_cs_client     = @@character_set_client */;
/*!50503 SET character_set_client = utf8mb4 */;
CREATE TABLE `izinkaryawan` (
  `id` int NOT NULL AUTO_INCREMENT,
  `alasan` int DEFAULT NULL,
  `tgl_izin` date DEFAULT NULL,
  `myTimestamp` timestamp NULL DEFAULT CURRENT_TIMESTAMP,
  `startJam` int DEFAULT '8',
  `startMenit` int DEFAULT '30',
  `hari` int DEFAULT '0',
  `surat` varchar(255) DEFAULT '',
  `ket_izin` varchar(255) DEFAULT '',
  `status` int DEFAULT '1',
  `endJam` int DEFAULT '17',
  `endMenit` int DEFAULT '30',
  `nama` varchar(255) DEFAULT NULL,
  `ket_status` varchar(255) DEFAULT '',
  PRIMARY KEY (`id`)
) ENGINE=InnoDB AUTO_INCREMENT=239 DEFAULT CHARSET=utf8mb4 COLLATE=utf8mb4_0900_ai_ci;
/*!40101 SET character_set_client = @saved_cs_client */;

--
-- Dumping data for table `izinkaryawan`
--

LOCK TABLES `izinkaryawan` WRITE;
/*!40000 ALTER TABLE `izinkaryawan` DISABLE KEYS */;
INSERT INTO `izinkaryawan` VALUES (199,3,'2024-05-01','2024-08-14 01:01:42',12,30,0,'','lorem ipsum',1,15,30,'BAYU AJI PRABOWO',''),(200,3,'2024-05-01','2024-08-14 01:01:46',12,30,0,'','lorem ipsum',1,15,30,'BAYU AJI PRABOWO',''),(201,3,'2024-05-01','2024-08-14 01:01:51',12,30,0,'','lorem ipsum',1,15,30,'BAYU AJI PRABOWO',''),(203,2,'2024-08-22','2024-08-14 01:52:06',8,0,0,'','aku sakit',1,15,30,'JONI',''),(204,1,'2024-08-22','2024-08-14 02:09:05',12,30,0,'','not feeling it',2,15,30,'M EKO AL BADRUN','sudah di approve'),(207,3,'2024-08-15','2024-08-14 02:37:46',12,30,1,'','jalan jalan',2,15,30,'JONI','sudah di approve'),(208,2,'2024-08-16','2024-08-14 21:19:43',12,30,0,'public\\uploads\\1723695583263.txt','tidak enak',1,15,30,'BAYU AJI PRABOWO',''),(212,1,'2024-08-21','2024-08-15 02:35:46',12,30,0,'','keperluan keluarga',2,15,30,'EULIS KUSMIATI','sudah di approve'),(214,1,'2025-10-15','2024-08-15 02:42:53',12,30,0,'','jalan jalan',1,15,30,'EULIS KUSMIATI',''),(217,1,'2024-08-20','2024-08-19 01:52:34',8,30,1,'','keperluan keluarga',2,17,30,'EULIS KUSMIATI','sudah di approve'),(218,2,'2024-08-21','2024-08-19 21:31:44',8,30,0,'','nggak enak',3,17,30,'M AUDDLY FAUZAN','gak bisa'),(219,3,'2024-08-22','2024-08-20 00:52:08',8,30,2,'','pergi ke bali',3,17,30,'M AUDDLY FAUZAN','gak bisa'),(237,5,'2024-08-22','2024-08-22 02:33:14',0,0,0,'','tidak enak',2,15,30,'M AUDDLY FAUZAN','sudah di approve'),(238,6,'2024-08-14','2024-08-22 08:39:12',14,30,0,'','meeting',2,17,30,'JONI','sudah di approve');
/*!40000 ALTER TABLE `izinkaryawan` ENABLE KEYS */;
UNLOCK TABLES;
/*!50003 SET @saved_cs_client      = @@character_set_client */ ;
/*!50003 SET @saved_cs_results     = @@character_set_results */ ;
/*!50003 SET @saved_col_connection = @@collation_connection */ ;
/*!50003 SET character_set_client  = cp850 */ ;
/*!50003 SET character_set_results = cp850 */ ;
/*!50003 SET collation_connection  = cp850_general_ci */ ;
/*!50003 SET @saved_sql_mode       = @@sql_mode */ ;
/*!50003 SET sql_mode              = 'ONLY_FULL_GROUP_BY,STRICT_TRANS_TABLES,NO_ZERO_IN_DATE,NO_ZERO_DATE,ERROR_FOR_DIVISION_BY_ZERO,NO_ENGINE_SUBSTITUTION' */ ;
DELIMITER ;;
/*!50003 CREATE*/ /*!50017 DEFINER=`root`@`localhost`*/ /*!50003 TRIGGER `ambilCuti` AFTER INSERT ON `izinkaryawan` FOR EACH ROW begin 
   if new.alasan = 3 then
   update cuti 
   set jumlah_cuti = jumlah_cuti + 1
   where new.nama = nama;
   end if;
end */;;
DELIMITER ;
/*!50003 SET sql_mode              = @saved_sql_mode */ ;
/*!50003 SET character_set_client  = @saved_cs_client */ ;
/*!50003 SET character_set_results = @saved_cs_results */ ;
/*!50003 SET collation_connection  = @saved_col_connection */ ;

--
-- Table structure for table `karyawan`
--

DROP TABLE IF EXISTS `karyawan`;
/*!40101 SET @saved_cs_client     = @@character_set_client */;
/*!50503 SET character_set_client = utf8mb4 */;
CREATE TABLE `karyawan` (
  `nik` varchar(30) NOT NULL,
  `nama` varchar(255) DEFAULT NULL,
  PRIMARY KEY (`nik`)
) ENGINE=InnoDB DEFAULT CHARSET=utf8mb4 COLLATE=utf8mb4_0900_ai_ci;
/*!40101 SET character_set_client = @saved_cs_client */;

--
-- Dumping data for table `karyawan`
--

LOCK TABLES `karyawan` WRITE;
/*!40000 ALTER TABLE `karyawan` DISABLE KEYS */;
INSERT INTO `karyawan` VALUES ('1111001','SUJILAN'),('1112002','NARTIN RASBOENGA'),('1113003','WINA DAMAYANI'),('1113004','SULAIN'),('1113006','RONALD YANSEN KOMANSILAN'),('1114007','INDAH LESTARI'),('1114008','PARTO'),('1114009','FEBRIANSYAH'),('1114061','PUTRI RISTI INDRIYANI'),('1115010','YESSE PUTRI DEBITHA'),('1116013','DEDE JUBAEDAH'),('1116014','INDRA CHRIST DESWIRA SARAGIH'),('1116015','SRI ULINA SARAGIH'),('1117020','STEPHEN DERMAWAN'),('1117021','HANA NURAINI SOFYAN'),('1117022','CRYSTAL NOVEL LIGAR LESTARI'),('1117025','SANAH SEDUBUN'),('1118028','DEWI MARIENTA SIAHAAN'),('1118029','KALTIKA FITRI'),('1118032','NIKI MUNANDAR'),('1119035','WINSTON WIHARTO SUMA'),('1119036','NIRWAN EPENDI'),('1119037','MICHAEL SURYA WIJAYA'),('1119038','ANDIKA SUYITNO'),('1119039','SLAMET WIDODO'),('1119040','DEWI PUSPITASARI'),('1119042','ASEP MAULANA'),('1119043','ADELINE GENIE NATAN'),('1120047','JONI'),('1120050','MUTYA SILVIA'),('1120058','MARTA MULJADI'),('1120066','RESTU CHAIRIL FAHMI'),('1120076','LIDYA JEFRI'),('1120079','ANDREAS THIO MICHAEL'),('1120082','CATUR CAHYONO'),('1120084','SAHAB MARAJIBAL'),('1121085','MESRAWATI HIA'),('1121087','RANDI SEPTIANA'),('1121089','MEIDHITA SUSANDI'),('1121151','MUHAMMAD RUSLAN NASRULLAH'),('1122091','IKA RESTIANA'),('1122095','APRIYANTO'),('1122096','ARIES PURNOMO'),('1122105','GAZALI'),('1122106','ARIF NURACHMAN'),('1122109','NURCHOLIS MASJID'),('1122110','VERA HARTATY NAINGGOLAN'),('1122111','ANTHONY SALIM'),('1122112','M EKO AL BADRUN'),('1122113','LISDA NURCAHYANI'),('1122114','NUR AFIFAH ASIATUL'),('1122115','NONI KOMARIAH SARI'),('1122116','WENDI JOHAN'),('1122120','LULU AWALIYAH'),('1122121','INTAN DWI FATWA'),('1123123','WAHYUNI'),('1123125','AMIN NUR ROHMAN'),('1123127','PALMEIDA DESRENNY HARAHAP'),('1123129','TEDDY SETIAWAN ZUNAEDI'),('1123130','OKTAVIANUS AMBULENGO'),('1123132','DIMAS WILDANI AL IRHAS'),('1123135','SELAMET SUSILO'),('1123137','EMMANUEL HAMONANGAN SIBARANI'),('1123141','DWI IRYANTI'),('1123142','ALLANDA'),('1123143','SYAVIRA SUCI RAMADHITA'),('1123144','TARSUN ARAFAN MULYA'),('1123147','FAUZIAH FITRI'),('1123148','MOHHAMMAD SYAHRUL KURNIA'),('1123149','HENDRI'),('1123152','EULIS KUSMIATI'),('1123153','TEGUH KODARMAN'),('1123154','DIAN ARYANI'),('1123155','RENDI MARDIANSAH'),('1123156','YUNANDI YASMIN'),('1123157','ACHMAD YUSUF SAPUTRA'),('1123158','MONICA SINAGA'),('1123163','DESY FRANSISCA'),('1123164','DON SEBASTIAN IGNATIUS SIAGIAN'),('1123165','LIANG MUNANDAR'),('1123166','PUTRI AISYATI INRUM'),('1123167','TIAS STEVANI'),('1123168','VERA NOVERA'),('1123169','MOCHAMMAD SALEH'),('1124171','DENDY ROZANO WIDIYANTO'),('1124173','SULAIMAN'),('1124175','MARSIDI'),('1124177','DONNY DWIYANTO'),('1124178','NURIL AYU ANIWINDIRA'),('1124179','MUMIN'),('1124180','SRI SUNARTO'),('1124181','HANIF NUR PRATAMA'),('1124182','AGUS DJULIANTO RAHAJU'),('1124184','YAMAN'),('1124185','ABDUL KHAIR JABAR'),('1124186','HARYO PERDANA SENO AJI'),('1124187','HARDIANSYAH SAPUTRA'),('1124188','MUHAMMAD RANDIKA RAHMANDA'),('1124189','WIDI SITRIAN TELAUMBANUA'),('1124190','NOUVAL HIDAYAT MUCHTAR'),('1124191','ESSY ADELINA'),('1124192','NANDA NABILA AULIA FAJRI'),('1124193','BIMO PURNOMO'),('1124194','M AUDDLY FAUZAN'),('1213001','BAYU AJI PRABOWO'),('1213002','SUYITNO'),('1213003','Y RUDI RUMAKSONO'),('1215005','AGUSTINUS DWIANTORO'),('1216007','HERU DWI JATMIKO'),('1217008','PUJI MULATO'),('1218010','DEKA PRABOWO'),('1220011','M SYAIFUL BAHRI'),('1221012','NIKEN WAHYUNING CANDRA'),('1222017','ASHMIEZAR ADHAM'),('1222022','ABU DZAR AL GHIFARI'),('1222025','ABDUL ROHMAN'),('1223023','AKHMAD PRIYANTO'),('1223024','ICVAN FAJAR SETIAWAN'),('1223026','MARCELINA INDARWATI'),('1224027','IAN LESMANA'),('12345','ADMIN'),('1315006','ANANDA YOGA PRASETYO'),('1317002','SUPRIYANTO'),('1317003','YEN YEN'),('1320011','ADI KURNIAWAN'),('1321012','HERI'),('1322014','WANTONO'),('1322015','LIM RAH SALIM'),('1322016','IKHSAN FAZAR HENDIANSYAH'),('1324018','GOMGOM SIAGIAN'),('1416003','WINDA NATALISA'),('1417004','NUR WIWID ADHI LAXMANA'),('1419007','URIP BUDIYANTO'),('1420010','ROBI AJID'),('1420011','RIBKA NOVIANA ANGELINE'),('1420013','SIGIT'),('1420014','YAYA KUSWAYA'),('1422013','MADI'),('1422014','HARYADI'),('1422016','AGUS SETIAWAN'),('1423018','YOSEFIN MEYLISTA CHRISTIANTI BRIA'),('1423019','YANA OKTAFIANA'),('1423022','ANISA NANDA REZEQI'),('1424024','ANISA CHELSEA ISLAMI'),('1424025','WIJANARKO'),('1714001','MOCHTAR JAPAR');
/*!40000 ALTER TABLE `karyawan` ENABLE KEYS */;
UNLOCK TABLES;

--
-- Table structure for table `kehadiran`
--

DROP TABLE IF EXISTS `kehadiran`;
/*!40101 SET @saved_cs_client     = @@character_set_client */;
/*!50503 SET character_set_client = utf8mb4 */;
CREATE TABLE `kehadiran` (
  `tgl_absen` date NOT NULL,
  `hadir` int DEFAULT NULL,
  `telat` int DEFAULT NULL,
  `lembur` int DEFAULT NULL,
  `jam_kerja` int DEFAULT NULL,
  `nama` varchar(255) DEFAULT NULL,
  `id` int NOT NULL AUTO_INCREMENT,
  PRIMARY KEY (`id`)
) ENGINE=InnoDB AUTO_INCREMENT=4324 DEFAULT CHARSET=utf8mb4 COLLATE=utf8mb4_0900_ai_ci;
/*!40101 SET character_set_client = @saved_cs_client */;

--
-- Dumping data for table `kehadiran`
--

LOCK TABLES `kehadiran` WRITE;
/*!40000 ALTER TABLE `kehadiran` DISABLE KEYS */;
INSERT INTO `kehadiran` VALUES ('2024-07-16',1,388,26,151,'YESSE PUTRI DEBITHA',21),('2024-07-17',1,0,13,540,'YESSE PUTRI DEBITHA',25),('2024-07-18',1,0,0,8,'YESSE PUTRI DEBITHA',36),('2024-07-15',1,422,0,0,'INDAH LESTARI',51),('2024-07-16',1,2,14,537,'INDAH LESTARI',54),('2024-07-17',1,4,17,535,'INDAH LESTARI',57),('2024-07-15',1,418,124,121,'SUJILAN',58),('2024-07-18',1,1,0,538,'INDAH LESTARI',59),('2024-07-16',1,0,33,540,'SUJILAN',60),('2024-07-17',1,0,135,540,'SUJILAN',62),('2024-07-18',1,0,0,69,'SUJILAN',66),('2024-07-17',1,77,19,462,'HANA NURAINI SOFYAN',86),('2024-07-18',1,0,0,0,'HANA NURAINI SOFYAN',90),('2024-07-15',1,477,47,62,'PARTO',134),('2024-07-16',1,0,131,540,'PARTO',137),('2024-07-17',1,0,23,540,'PARTO',140),('2024-07-15',1,409,75,131,'NARTIN RASBOENGA',143),('2024-07-18',1,0,0,46,'PARTO',144),('2024-07-16',1,0,27,540,'NARTIN RASBOENGA',147),('2024-07-18',1,0,0,0,'NARTIN RASBOENGA',152),('2024-07-15',1,432,0,0,'DEDE JUBAEDAH',176),('2024-07-16',1,0,179,540,'DEDE JUBAEDAH',180),('2024-07-17',1,0,182,540,'DEDE JUBAEDAH',183),('2024-07-18',1,0,0,75,'DEDE JUBAEDAH',188),('2024-07-15',1,435,30,104,'FEBRIANSYAH',232),('2024-07-16',1,0,33,540,'FEBRIANSYAH',235),('2024-07-17',1,15,2,524,'FEBRIANSYAH',241),('2024-07-18',1,0,0,9,'FEBRIANSYAH',245),('2024-07-15',1,410,13,129,'WINA DAMAYANI',249),('2024-07-16',1,0,14,540,'WINA DAMAYANI',252),('2024-07-17',1,0,18,540,'WINA DAMAYANI',255),('2024-07-18',1,0,0,8,'WINA DAMAYANI',261),('2024-07-15',1,441,9,98,'INDRA CHRIST DESWIRA SARAGIH',281),('2024-07-16',1,0,12,540,'INDRA CHRIST DESWIRA SARAGIH',283),('2024-07-17',1,0,29,540,'INDRA CHRIST DESWIRA SARAGIH',284),('2024-07-18',1,0,0,540,'INDRA CHRIST DESWIRA SARAGIH',288),('2024-07-15',1,472,17,67,'CRYSTAL NOVEL LIGAR LESTARI',291),('2024-07-16',1,0,14,540,'CRYSTAL NOVEL LIGAR LESTARI',294),('2024-07-17',1,0,18,540,'CRYSTAL NOVEL LIGAR LESTARI',297),('2024-07-18',1,0,0,2,'CRYSTAL NOVEL LIGAR LESTARI',301),('2024-07-15',1,436,52,103,'PUTRI RISTI INDRIYANI',342),('2024-07-16',1,1,53,538,'PUTRI RISTI INDRIYANI',350),('2024-07-17',1,4,8,535,'PUTRI RISTI INDRIYANI',353),('2024-07-18',1,4,0,0,'PUTRI RISTI INDRIYANI',356),('2024-07-17',1,0,16,540,'SULAIN',370),('2024-07-18',1,0,0,11,'SULAIN',374),('2024-07-15',1,447,158,92,'SRI ULINA SARAGIH',378),('2024-07-16',1,0,101,540,'SRI ULINA SARAGIH',383),('2024-07-17',1,0,139,540,'SRI ULINA SARAGIH',385),('2024-07-18',1,0,0,17,'SRI ULINA SARAGIH',387),('2024-07-15',1,469,61,70,'RONALD YANSEN KOMANSILAN',454),('2024-07-15',1,465,120,74,'SANAH SEDUBUN',456),('2024-07-16',1,19,0,0,'RONALD YANSEN KOMANSILAN',457),('2024-07-16',1,0,80,540,'SANAH SEDUBUN',458),('2024-07-17',1,0,79,540,'RONALD YANSEN KOMANSILAN',460),('2024-07-18',1,46,0,0,'RONALD YANSEN KOMANSILAN',461),('2024-07-16',1,105,39,434,'NIKI MUNANDAR',476),('2024-07-17',1,0,71,540,'NIKI MUNANDAR',478),('2024-07-17',1,1,41,538,'SANAH SEDUBUN',479),('2024-07-18',1,3,0,536,'NIKI MUNANDAR',481),('2024-07-18',1,0,0,4,'SANAH SEDUBUN',484),('2024-07-15',1,455,2,84,'STEPHEN DERMAWAN',524),('2024-07-16',1,0,13,540,'STEPHEN DERMAWAN',527),('2024-07-17',1,0,3,540,'STEPHEN DERMAWAN',529),('2024-07-18',1,0,0,28,'STEPHEN DERMAWAN',532),('2024-07-15',1,486,14,54,'SLAMET WIDODO',538),('2024-07-16',1,0,10,540,'SLAMET WIDODO',542),('2024-07-17',1,0,18,540,'SLAMET WIDODO',546),('2024-07-18',1,0,0,29,'SLAMET WIDODO',550),('2024-07-17',1,0,0,40,'WINSTON WIHARTO SUMA',571),('2024-07-16',1,100,77,439,'DEWI PUSPITASARI',630),('2024-07-18',1,0,0,2,'DEWI PUSPITASARI',637),('2024-07-15',1,489,0,0,'NIRWAN EPENDI',648),('2024-07-16',1,0,0,540,'NIRWAN EPENDI',651),('2024-07-17',1,0,12,540,'NIRWAN EPENDI',653),('2024-07-18',1,0,0,540,'NIRWAN EPENDI',656),('2024-07-15',1,444,62,95,'DEWI MARIENTA SIAHAAN',686),('2024-07-16',1,0,11,540,'DEWI MARIENTA SIAHAAN',689),('2024-07-17',1,0,18,540,'DEWI MARIENTA SIAHAAN',692),('2024-07-18',1,0,0,0,'DEWI MARIENTA SIAHAAN',696),('2024-07-15',1,511,119,29,'MUTYA SILVIA',718),('2024-07-16',1,0,106,540,'MUTYA SILVIA',720),('2024-07-15',1,500,195,39,'ASEP MAULANA',723),('2024-07-18',1,0,0,6,'MUTYA SILVIA',725),('2024-07-16',1,0,247,540,'ASEP MAULANA',726),('2024-07-17',1,0,245,540,'ASEP MAULANA',730),('2024-07-18',1,0,0,4,'ASEP MAULANA',733),('2024-07-15',1,493,62,46,'MICHAEL SURYA WIJAYA',763),('2024-07-16',1,0,70,539,'MICHAEL SURYA WIJAYA',766),('2024-07-17',1,0,18,540,'MICHAEL SURYA WIJAYA',769),('2024-07-18',1,0,0,1,'MICHAEL SURYA WIJAYA',772),('2024-07-15',1,528,58,11,'MARTA MULJADI',801),('2024-07-16',1,0,42,540,'MARTA MULJADI',804),('2024-07-17',1,0,59,540,'MARTA MULJADI',808),('2024-07-18',1,0,0,11,'MARTA MULJADI',812),('2024-07-15',1,504,29,35,'ADELINE GENIE NATAN',841),('2024-07-16',1,0,11,540,'ADELINE GENIE NATAN',844),('2024-07-17',1,0,58,540,'ADELINE GENIE NATAN',848),('2024-07-18',1,14,0,0,'ADELINE GENIE NATAN',851),('2024-07-15',1,495,5,44,'ANDIKA SUYITNO',871),('2024-07-16',1,0,5,540,'ANDIKA SUYITNO',875),('2024-07-17',1,10,5,529,'ANDIKA SUYITNO',891),('2024-07-15',1,484,29,55,'KALTIKA FITRI',893),('2024-07-18',1,13,0,0,'ANDIKA SUYITNO',895),('2024-07-16',1,0,21,540,'KALTIKA FITRI',896),('2024-07-15',1,459,19,80,'JONI',958),('2024-07-16',1,0,69,540,'JONI',961),('2024-07-17',1,0,77,540,'JONI',964),('2024-07-18',1,0,0,27,'JONI',967),('2024-07-15',1,513,125,26,'LIDYA JEFRI',995),('2024-07-16',1,0,156,540,'LIDYA JEFRI',998),('2024-07-18',1,9,0,0,'LIDYA JEFRI',1003),('2024-07-15',1,519,11,20,'CATUR CAHYONO',1006),('2024-07-16',1,0,52,540,'CATUR CAHYONO',1009),('2024-07-17',1,0,9,540,'CATUR CAHYONO',1012),('2024-07-18',1,0,0,26,'CATUR CAHYONO',1016),('2024-07-15',1,525,103,14,'SAHAB MARAJIBAL',1099),('2024-07-16',1,0,77,540,'SAHAB MARAJIBAL',1102),('2024-07-17',1,0,83,539,'SAHAB MARAJIBAL',1105),('2024-07-18',1,0,0,3,'SAHAB MARAJIBAL',1108),('2024-07-15',1,516,4,23,'ANDREAS THIO MICHAEL',1183),('2024-07-16',1,0,6,540,'ANDREAS THIO MICHAEL',1185),('2024-07-17',1,0,5,540,'ANDREAS THIO MICHAEL',1188),('2024-07-18',1,0,0,540,'ANDREAS THIO MICHAEL',1192),('2024-07-16',1,115,17,424,'MESRAWATI HIA',1204),('2024-07-17',1,0,65,540,'MESRAWATI HIA',1207),('2024-07-18',1,0,0,540,'MESRAWATI HIA',1210),('2024-07-15',1,391,146,148,'M EKO AL BADRUN',1263),('2024-07-16',1,0,187,540,'M EKO AL BADRUN',1267),('2024-07-17',1,0,146,539,'M EKO AL BADRUN',1271),('2024-07-18',1,11,0,528,'M EKO AL BADRUN',1275),('2024-07-16',1,336,13,203,'NURCHOLIS MASJID',1288),('2024-07-17',1,3,17,536,'NURCHOLIS MASJID',1290),('2024-07-18',1,0,0,540,'NURCHOLIS MASJID',1294),('2024-07-16',1,333,62,206,'RANDI SEPTIANA',1333),('2024-07-16',1,128,0,0,'VERA HARTATY NAINGGOLAN',1446),('2024-07-16',1,130,49,409,'NUR AFIFAH ASIATUL',1452),('2024-07-17',1,0,73,540,'VERA HARTATY NAINGGOLAN',1453),('2024-07-17',1,0,35,540,'NUR AFIFAH ASIATUL',1454),('2024-07-18',1,0,0,0,'VERA HARTATY NAINGGOLAN',1455),('2024-07-18',1,0,0,540,'NUR AFIFAH ASIATUL',1456),('2024-07-01',1,0,0,0,'LULU AWALIYAH',1462),('2024-07-05',1,0,0,0,'LULU AWALIYAH',1475),('2024-07-12',1,367,0,108,'LULU AWALIYAH',1497),('2024-07-15',1,0,0,528,'LULU AWALIYAH',1506),('2024-07-16',1,0,75,540,'LULU AWALIYAH',1510),('2024-07-17',1,0,14,540,'LULU AWALIYAH',1513),('2024-07-18',1,0,0,540,'LULU AWALIYAH',1515),('2024-07-16',1,316,0,223,'NONI KOMARIAH SARI',1574),('2024-07-16',1,138,271,401,'ANTHONY SALIM',1575),('2024-07-17',1,0,190,540,'NONI KOMARIAH SARI',1578),('2024-07-17',1,0,10,540,'ANTHONY SALIM',1579),('2024-07-18',1,0,0,539,'ANTHONY SALIM',1582),('2024-07-18',1,0,0,0,'NONI KOMARIAH SARI',1583),('2024-07-16',1,135,0,0,'INTAN DWI FATWA',1601),('2024-07-17',1,0,17,539,'INTAN DWI FATWA',1604),('2024-07-18',1,0,0,0,'INTAN DWI FATWA',1606),('2024-07-16',1,154,10,385,'TEDDY SETIAWAN ZUNAEDI',1633),('2024-07-17',1,0,39,540,'TEDDY SETIAWAN ZUNAEDI',1635),('2024-07-18',1,0,0,123,'TEDDY SETIAWAN ZUNAEDI',1638),('2024-07-16',1,121,25,418,'WAHYUNI',1690),('2024-07-17',1,0,27,540,'WAHYUNI',1693),('2024-07-18',1,0,0,42,'WAHYUNI',1696),('2024-07-16',1,144,19,395,'WENDI JOHAN',1707),('2024-07-17',1,0,9,540,'WENDI JOHAN',1716),('2024-07-18',1,10,0,0,'WENDI JOHAN',1719),('2024-07-16',1,156,0,0,'OKTAVIANUS AMBULENGO',1724),('2024-07-17',1,0,10,540,'OKTAVIANUS AMBULENGO',1728),('2024-07-18',1,0,0,30,'OKTAVIANUS AMBULENGO',1732),('2024-07-17',1,158,68,381,'FAUZIAH FITRI',1782),('2024-07-18',1,0,0,0,'FAUZIAH FITRI',1785),('2024-07-16',1,166,34,373,'DWI IRYANTI',1814),('2024-07-17',1,0,15,540,'DWI IRYANTI',1817),('2024-07-15',1,389,19,150,'DIMAS WILDANI AL IRHAS',1818),('2024-07-18',1,0,0,29,'DWI IRYANTI',1820),('2024-07-16',1,0,0,540,'DIMAS WILDANI AL IRHAS',1821),('2024-07-17',1,0,14,540,'DIMAS WILDANI AL IRHAS',1828),('2024-07-18',1,0,0,540,'DIMAS WILDANI AL IRHAS',1832),('2024-07-16',1,152,91,387,'AMIN NUR ROHMAN',1872),('2024-07-17',1,0,18,540,'AMIN NUR ROHMAN',1879),('2024-07-18',1,0,0,29,'AMIN NUR ROHMAN',1883),('2024-07-16',1,503,33,36,'ALLANDA',1913),('2024-07-17',1,8,15,531,'ALLANDA',1916),('2024-07-18',1,6,0,533,'ALLANDA',1920),('2024-07-16',1,163,16,376,'SELAMET SUSILO',1965),('2024-07-17',1,0,220,540,'SELAMET SUSILO',1969),('2024-07-18',1,0,0,540,'SELAMET SUSILO',1973),('2024-07-16',1,0,41,540,'PALMEIDA DESRENNY HARAHAP',2005),('2024-07-17',1,3,17,536,'PALMEIDA DESRENNY HARAHAP',2008),('2024-07-18',1,0,0,0,'PALMEIDA DESRENNY HARAHAP',2011),('2024-07-16',1,170,13,369,'SYAVIRA SUCI RAMADHITA',2025),('2024-07-17',1,0,19,540,'SYAVIRA SUCI RAMADHITA',2029),('2024-07-18',1,0,0,540,'SYAVIRA SUCI RAMADHITA',2033),('2024-07-12',1,367,0,172,'EULIS KUSMIATI',2064),('2024-07-15',1,242,8,297,'EULIS KUSMIATI',2076),('2024-07-16',1,0,11,540,'EULIS KUSMIATI',2080),('2024-07-17',1,0,6,540,'EULIS KUSMIATI',2086),('2024-07-18',1,0,0,29,'EULIS KUSMIATI',2089),('2024-07-17',1,9,42,650,'RENDI MARDIANSAH',2104),('2024-07-18',1,17,0,642,'RENDI MARDIANSAH',2107),('2024-07-15',1,389,146,150,'DON SEBASTIAN IGNATIUS SIAGIAN',2154),('2024-07-16',1,0,16,540,'DON SEBASTIAN IGNATIUS SIAGIAN',2157),('2024-07-17',1,0,146,540,'DON SEBASTIAN IGNATIUS SIAGIAN',2160),('2024-07-18',1,0,0,11,'DON SEBASTIAN IGNATIUS SIAGIAN',2163),('2024-07-16',1,328,188,211,'ACHMAD YUSUF SAPUTRA',2257),('2024-07-17',1,2,167,537,'ACHMAD YUSUF SAPUTRA',2261),('2024-07-18',1,0,0,27,'ACHMAD YUSUF SAPUTRA',2265),('2024-07-17',1,103,62,436,'MOCHAMMAD SALEH',2351),('2024-07-16',1,182,90,357,'PUTRI AISYATI INRUM',2371),('2024-07-16',1,339,35,200,'MONICA SINAGA',2372),('2024-07-17',1,0,74,540,'PUTRI AISYATI INRUM',2375),('2024-07-18',1,0,0,63,'PUTRI AISYATI INRUM',2377),('2024-07-17',1,0,29,539,'MONICA SINAGA',2379),('2024-07-18',1,0,0,540,'MONICA SINAGA',2382),('2024-07-12',1,294,0,77,'DENDY ROZANO WIDIYANTO',2437),('2024-07-16',1,173,0,0,'TIAS STEVANI',2497),('2024-07-17',1,0,19,540,'TIAS STEVANI',2500),('2024-07-15',1,396,20,143,'DESY FRANSISCA',2503),('2024-07-18',1,0,0,540,'TIAS STEVANI',2504),('2024-07-16',1,0,10,540,'DESY FRANSISCA',2507),('2024-07-17',1,0,36,540,'DESY FRANSISCA',2511),('2024-07-16',1,184,55,355,'MUMIN',2564),('2024-07-17',1,0,287,540,'MUMIN',2566),('2024-07-18',1,0,0,22,'MUMIN',2569),('2024-07-17',1,0,38,540,'HANIF NUR PRATAMA',2768),('2024-07-18',1,0,0,15,'HANIF NUR PRATAMA',2777),('2024-07-16',1,193,15,346,'WIDI SITRIAN TELAUMBANUA',2808),('2024-07-17',1,0,28,540,'WIDI SITRIAN TELAUMBANUA',2810),('2024-07-18',1,0,0,540,'WIDI SITRIAN TELAUMBANUA',2814),('2024-07-17',1,163,287,376,'NOUVAL HIDAYAT MUCHTAR',2890),('2024-07-18',1,0,0,6,'NOUVAL HIDAYAT MUCHTAR',2893),('2024-07-16',1,191,75,348,'HARYO PERDANA SENO AJI',2907),('2024-07-17',1,0,70,540,'HARYO PERDANA SENO AJI',2910),('2024-07-18',1,0,0,12,'HARYO PERDANA SENO AJI',2918),('2024-07-15',1,0,43,540,'BIMO PURNOMO',2920),('2024-07-16',1,11,94,528,'BIMO PURNOMO',2924),('2024-07-17',1,0,49,540,'BIMO PURNOMO',2928),('2024-07-18',1,11,0,528,'BIMO PURNOMO',2932),('2024-07-16',1,199,19,340,'ESSY ADELINA',3000),('2024-07-17',1,0,12,540,'ESSY ADELINA',3004),('2024-07-18',1,0,0,43,'ESSY ADELINA',3008),('2024-07-17',1,5,60,534,'M AUDDLY FAUZAN',3025),('2024-07-18',1,0,0,10,'M AUDDLY FAUZAN',3029),('2024-07-17',1,0,33,540,'BAYU AJI PRABOWO',3134),('2024-07-16',1,201,38,338,'NANDA NABILA AULIA FAJRI',3139),('2024-07-17',1,9,13,530,'NANDA NABILA AULIA FAJRI',3143),('2024-07-18',1,0,0,540,'NANDA NABILA AULIA FAJRI',3147),('2024-07-16',1,407,45,132,'PUJI MULATO',3230),('2024-07-17',1,5,6,534,'PUJI MULATO',3232),('2024-07-18',1,20,0,0,'PUJI MULATO',3235),('2024-07-17',1,2,16,537,'NIKEN WAHYUNING CANDRA',3240),('2024-07-16',1,0,8,540,'SUYITNO',3241),('2024-07-18',1,0,0,4,'NIKEN WAHYUNING CANDRA',3243),('2024-07-17',1,16,9,523,'SUYITNO',3249),('2024-07-18',1,6,0,533,'SUYITNO',3258),('2024-07-16',1,396,0,0,'ASHMIEZAR ADHAM',3333),('2024-07-17',1,0,38,540,'ICVAN FAJAR SETIAWAN',3335),('2024-07-17',1,4,16,535,'ASHMIEZAR ADHAM',3336),('2024-07-18',1,0,0,16,'ICVAN FAJAR SETIAWAN',3338),('2024-07-18',1,25,0,0,'ASHMIEZAR ADHAM',3339),('2024-07-17',1,8,50,531,'DEKA PRABOWO',3357),('2024-07-18',1,0,0,10,'DEKA PRABOWO',3361),('2024-07-16',1,411,45,128,'Y RUDI RUMAKSONO',3386),('2024-07-17',1,0,17,540,'Y RUDI RUMAKSONO',3390),('2024-07-18',1,0,0,20,'Y RUDI RUMAKSONO',3397),('2024-07-16',1,404,74,135,'ABU DZAR AL GHIFARI',3428),('2024-07-17',1,10,19,529,'ABU DZAR AL GHIFARI',3431),('2024-07-16',1,351,49,188,'MARCELINA INDARWATI',3432),('2024-07-18',1,32,0,0,'ABU DZAR AL GHIFARI',3434),('2024-07-17',1,0,35,540,'MARCELINA INDARWATI',3435),('2024-07-18',1,0,0,1,'MARCELINA INDARWATI',3438),('2024-07-16',1,108,55,431,'M SYAIFUL BAHRI',3482),('2024-07-17',1,0,46,540,'M SYAIFUL BAHRI',3484),('2024-07-18',1,0,0,9,'M SYAIFUL BAHRI',3488),('2024-07-18',1,13,0,526,'SUPRIYANTO',3518),('2024-07-16',1,400,0,0,'IAN LESMANA',3519),('2024-07-17',1,10,20,529,'IAN LESMANA',3522),('2024-07-18',1,12,0,0,'IAN LESMANA',3525),('2024-07-16',1,383,20,156,'LIM RAH SALIM',3529),('2024-07-17',1,7,10,532,'LIM RAH SALIM',3532),('2024-07-18',1,2,0,0,'LIM RAH SALIM',3537),('2024-07-16',1,402,0,0,'ABDUL ROHMAN',3581),('2024-07-17',1,0,20,539,'ABDUL ROHMAN',3583),('2024-07-18',1,14,0,525,'ABDUL ROHMAN',3586),('2024-07-17',1,84,0,370,'YEN YEN',3612),('2024-07-18',1,0,0,70,'YEN YEN',3616),('2024-07-16',1,367,34,172,'IKHSAN FAZAR HENDIANSYAH',3634),('2024-07-17',1,6,24,533,'IKHSAN FAZAR HENDIANSYAH',3640),('2024-07-18',1,3,0,536,'IKHSAN FAZAR HENDIANSYAH',3643),('2024-07-16',1,371,25,168,'ANANDA YOGA PRASETYO',3651),('2024-07-17',1,0,38,540,'ANANDA YOGA PRASETYO',3658),('2024-07-18',1,0,0,25,'ANANDA YOGA PRASETYO',3665),('2024-07-17',1,0,74,540,'AKHMAD PRIYANTO',3695),('2024-07-18',1,0,0,14,'AKHMAD PRIYANTO',3699),('2024-07-17',1,0,151,540,'ADI KURNIAWAN',3718),('2024-07-18',1,0,0,14,'ADI KURNIAWAN',3720),('2024-07-16',1,506,61,33,'SUPRIYANTO',3738),('2024-07-17',1,0,59,540,'SUPRIYANTO',3740),('2024-07-16',1,309,278,230,'URIP BUDIYANTO',3741),('2024-07-17',1,0,14,540,'URIP BUDIYANTO',3742),('2024-07-18',1,0,0,540,'URIP BUDIYANTO',3743),('2024-07-16',1,304,45,235,'ROBI AJID',3789),('2024-07-17',1,38,11,501,'ROBI AJID',3792),('2024-07-18',1,37,0,0,'ROBI AJID',3795),('2024-07-17',1,14,9,525,'MADI',3815),('2024-07-18',1,0,0,5,'MADI',3817),('2024-07-16',1,365,45,174,'HERI',3825),('2024-07-17',1,0,24,540,'HERI',3828),('2024-07-18',1,0,0,97,'HERI',3831),('2024-07-16',1,509,12,30,'RIBKA NOVIANA ANGELINE',3870),('2024-07-17',1,3,7,536,'RIBKA NOVIANA ANGELINE',3873),('2024-07-18',1,0,0,7,'RIBKA NOVIANA ANGELINE',3875),('2024-07-16',1,525,12,14,'HARYADI',3897),('2024-07-17',1,0,10,540,'HARYADI',3901),('2024-07-18',1,0,0,47,'HARYADI',3905),('2024-07-16',1,392,169,147,'WANTONO',3931),('2024-07-17',1,0,172,540,'WANTONO',3934),('2024-07-18',1,0,0,32,'WANTONO',3937),('2024-07-16',1,302,126,237,'AGUS SETIAWAN',3981),('2024-07-17',1,0,369,540,'AGUS SETIAWAN',3984),('2024-07-16',1,342,101,197,'YOSEFIN MEYLISTA CHRISTIANTI BRIA',4057),('2024-07-17',1,0,35,540,'YOSEFIN MEYLISTA CHRISTIANTI BRIA',4059),('2024-07-18',1,0,0,540,'YOSEFIN MEYLISTA CHRISTIANTI BRIA',4061),('2024-07-16',1,511,28,28,'YAYA KUSWAYA',4079),('2024-07-17',1,0,17,540,'YAYA KUSWAYA',4082),('2024-07-18',1,0,0,18,'YAYA KUSWAYA',4085),('2024-07-16',1,347,68,193,'ANISA NANDA REZEQI',4091),('2024-07-17',1,0,69,540,'ANISA NANDA REZEQI',4092),('2024-07-18',1,0,0,540,'ANISA NANDA REZEQI',4094),('2024-07-16',1,311,90,228,'ANISA CHELSEA ISLAMI',4158),('2024-07-17',1,0,190,540,'ANISA CHELSEA ISLAMI',4159),('2024-07-18',1,0,0,5,'ANISA CHELSEA ISLAMI',4161),('2024-07-17',1,0,68,540,'GOMGOM SIAGIAN',4189),('2024-07-18',1,0,0,8,'GOMGOM SIAGIAN',4197),('2024-07-16',1,331,278,208,'WIJANARKO',4218),('2024-07-17',1,0,271,540,'WIJANARKO',4221),('2024-07-18',1,0,0,60,'WIJANARKO',4223),('2024-07-16',1,375,14,164,'WINDA NATALISA',4240),('2024-07-17',1,0,0,539,'WINDA NATALISA',4242),('2024-07-18',1,11,0,528,'WINDA NATALISA',4244),('2024-07-16',1,0,5,540,'MOCHTAR JAPAR',4268),('2024-07-17',1,0,4,540,'MOCHTAR JAPAR',4269),('2024-07-18',1,0,0,100,'MOCHTAR JAPAR',4270),('2024-07-16',1,415,147,124,'NUR WIWID ADHI LAXMANA',4302),('2024-07-17',1,0,6,540,'NUR WIWID ADHI LAXMANA',4303),('2024-07-18',1,0,0,20,'NUR WIWID ADHI LAXMANA',4304);
/*!40000 ALTER TABLE `kehadiran` ENABLE KEYS */;
UNLOCK TABLES;

--
-- Table structure for table `kehadirantotal`
--

DROP TABLE IF EXISTS `kehadirantotal`;
/*!40101 SET @saved_cs_client     = @@character_set_client */;
/*!50503 SET character_set_client = utf8mb4 */;
CREATE TABLE `kehadirantotal` (
  `nama` varchar(30) DEFAULT NULL,
  `idDivisi` varchar(30) DEFAULT NULL,
  `jumlahMenitTerlambat` int DEFAULT NULL,
  `jumlahJamTerlambat` float DEFAULT NULL,
  `JumlahHariTerlambat` int DEFAULT NULL,
  `month` date DEFAULT NULL
) ENGINE=InnoDB DEFAULT CHARSET=utf8mb4 COLLATE=utf8mb4_0900_ai_ci;
/*!40101 SET character_set_client = @saved_cs_client */;

--
-- Dumping data for table `kehadirantotal`
--

LOCK TABLES `kehadirantotal` WRITE;
/*!40000 ALTER TABLE `kehadirantotal` DISABLE KEYS */;
INSERT INTO `kehadirantotal` VALUES ('ADELINE GENIE NATAN','0',93,1.55,9,'2024-02-01'),('ARIEF ALAMSYAH','0',1,0.02,1,'2024-02-01'),('ARYA BAGUS','0',67,1.12,4,'2024-02-01'),('DAMARIO MIKAIL YUSUF','0',0,0,0,'2024-02-01'),('DAVID CHRISTIAN TAMPUBOLON','0',47,0.78,6,'2024-02-01'),('DIAN WAHYU EKO','0',0,0,0,'2024-02-01'),('EKI RIKMAWAN SUSILO','0',0,0,0,'2024-02-01'),('ERWIN SAPUTRA','0',0,0,0,'2024-02-01'),('FARADILLA SISENA','0',0,0,0,'2024-02-01'),('FLORENCIA DEVI','0',0,0,0,'2024-02-01'),('GERU RAZWIS ALFARUG','0',0,0,0,'2024-02-01'),('HASTARYO','0',0,0,0,'2024-02-01'),('IRWAN SAMUDRA','0',47,0.78,2,'2024-02-01'),('IRWANSYAH','0',0,0,0,'2024-02-01'),('NADILLA RAHMANUL HAKIM','0',0,0,0,'2024-02-01'),('NATALIA ISABELA TUPAMAHU','0',12,0.2,3,'2024-02-01'),('NILAM KHAERUNISA TRISURTI','0',0,0,0,'2024-02-01'),('RAUDATUL HASSANAH','0',16,0.27,2,'2024-02-01'),('SUKUR MUKLASIN','0',0,0,0,'2024-02-01'),('YANA OKTAFIANA','0',0,0,0,'2024-02-01'),('YONATAN SETIAWAN','0',202,3.37,4,'2024-02-01'),('YOSUA NAHEMIA WAROKKA','0',12,0.2,2,'2024-02-01'),('YOVIE IRAWAN','0',209,3.48,15,'2024-02-01'),('AMIN NUR ROHMAN','Admin Sales & Engineer',0,0,0,'2024-02-01'),('CRYSTAL NOVEL LIGAR LESTARI','Admin Sales & Engineer',28,0.47,1,'2024-02-01'),('HANA NURAINI SOFYAN','Admin Sales & Engineer',19,0.32,6,'2024-02-01'),('INDAH LESTARI','Admin Sales & Engineer',73,1.22,8,'2024-02-01'),('NIKI MUNANDAR','Admin Sales & Engineer',7,0.12,3,'2024-02-01'),('NIRWAN EPENDI','Admin Sales & Engineer',4,0.07,1,'2024-02-01'),('SLAMET WIDODO','Admin Sales & Engineer',0,0,0,'2024-02-01'),('SYAVIRA SUCI RAMADHITA','Admin Sales & Engineer',0,0,0,'2024-02-01'),('TIAS STEVANI','Admin Sales & Engineer',0,0,0,'2024-02-01'),('ANTHONY SALIM','ERP',3,0.05,1,'2024-02-01'),('LIM RAH SALIM','ERP',85,1.42,3,'2024-02-01'),('WENDI JOHAN','ERP',20,0.33,6,'2024-02-01'),('ANDIKA SUYITNO','Estimator',224,3.73,16,'2024-02-01'),('ANDREAS THIO MICHAEL','Estimator',79,1.32,5,'2024-02-01'),('DEWI MARIENTA SIAHAAN','Estimator',0,0,0,'2024-02-01'),('MICHAEL SURYA WIJAYA','Estimator',352,5.87,5,'2024-02-01'),('ANISA NANDA REZEQI','Finance & Accounting',0,0,0,'2024-02-01'),('MARCELINA INDARWATI','Finance & Accounting',26,0.43,4,'2024-02-01'),('MONICA SINAGA','Finance & Accounting',0,0,0,'2024-02-01'),('NARTIN RASBOENGA','Finance & Accounting',122,2.03,3,'2024-02-01'),('NUR AFIFAH ASIATUL','Finance & Accounting',0,0,0,'2024-02-01'),('NURCHOLIS MASJID','Finance & Accounting',14,0.23,1,'2024-02-01'),('SANAH SEDUBUN','Finance & Accounting',24,0.4,2,'2024-02-01'),('SRI ULINA SARAGIH','Finance & Accounting',0,0,0,'2024-02-01'),('STEPHEN DERMAWAN','Finance & Accounting',0,0,0,'2024-02-01'),('VERA HARTATY NAINGGOLAN','Finance & Accounting',0,0,0,'2024-02-01'),('WINA DAMAYANI','Finance & Accounting',0,0,0,'2024-02-01'),('YOSEFIN MEYLISTA CHRISTIANTI B','Finance & Accounting',0,0,0,'2024-02-01'),('ANANDA YOGA PRASETYO','GTI',0,0,0,'2024-02-01'),('YEN YEN','GTI',0,0,0,'2024-02-01'),('HERI','GTI',0,0,0,'2024-02-01'),('IKHSAN FAZAR HENDIANSYAH','GTI',49,0.82,5,'2024-02-01'),('ADI KURNIAWAN','Logistik',26,0.43,4,'2024-02-01'),('ARIF NURACHMAN','Logistik',8,0.13,3,'2024-02-01'),('DWI IRYANTI','Logistik',8,0.13,1,'2024-02-01'),('FEBRIANSYAH','Logistik',142,2.37,10,'2024-02-01'),('MUHAMMAD RUSLAN NASRULLAH','Logistik',44,0.73,5,'2024-02-01'),('RESTU CHAIRIL FAHMI','Logistik',3,0.05,1,'2024-02-01'),('SUPRIYANTO','Logistik',9,0.15,1,'2024-02-01'),('APRIYANTO','MEP',151,2.52,11,'2024-02-01'),('CATUR CAHYONO','MEP',3,0.05,1,'2024-02-01'),('DIAN ARYANI','MEP',0,0,0,'2024-02-01'),('DONNY DWIYANTO','MEP',438,7.3,10,'2024-02-01'),('GAZALI','MEP',378,6.3,13,'2024-02-01'),('HENDRI','MEP',110,1.83,9,'2024-02-01'),('LIANG MUNANDAR','MEP',0,0,0,'2024-02-01'),('LIDYA JEFRI','MEP',52,0.87,1,'2024-02-01'),('MARSIDI','MEP',1,0.02,1,'2024-02-01'),('MOCHAMMAD SALEH','MEP',0,0,0,'2024-02-01'),('MOHHAMMAD SYAHRUL KURNIA','MEP',0,0,0,'2024-02-01'),('MUTYA SILVIA','MEP',6,0.1,1,'2024-02-01'),('NURIL AYU ANIWINDIRA','MEP',0,0,0,'2024-02-01'),('OKTAVIANUS AMBULENGO','MEP',15,0.25,1,'2024-02-01'),('PALMEIDA DESRENNY HARAHAP','MEP',0,0,0,'2024-02-01'),('PUTRI RISTI INDRIYANI','MEP',17,0.28,5,'2024-02-01'),('SELAMET SUSILO','MEP',39,0.65,2,'2024-02-01'),('SULAIMAN','MEP',4,0.07,2,'2024-02-01'),('TARSUN ARAFAN MULYA','MEP',39,0.65,4,'2024-02-01'),('TEGUH KODARMAN','MEP',0,0,0,'2024-02-01'),('VERA NOVERA','MEP',217,3.62,9,'2024-02-01'),('YUGO ADI SASONO','MEP',3,0.05,1,'2024-02-01'),('ACHMAD YUSUF SAPUTRA','Operation',0,0,0,'2024-02-01'),('ALLANDA','Operation',48,0.8,7,'2024-02-01'),('DEDE JUBAEDAH','Operation',0,0,0,'2024-02-01'),('DENDY ROZANO WIDIYANTO','Operation',78,1.3,7,'2024-02-01'),('DESY FRANSISCA','Operation',6,0.1,2,'2024-02-01'),('DIMAS WILDANI AL IRHAS','Operation',0,0,0,'2024-02-01'),('DON SEBASTIAN IGNATIUS SIAGIAN','Operation',19,0.32,3,'2024-02-01'),('EULIS KUSMIATI','Operation',0,0,0,'2024-02-01'),('IKA RESTIANA','Operation',62,1.03,10,'2024-02-01'),('JONI','Operation',2,0.03,1,'2024-02-01'),('KALTIKA FITRI','Operation',0,0,0,'2024-02-01'),('LULU AWALIYAH','Operation',0,0,0,'2024-02-01'),('M EKO AL BADRUN','Operation',29,0.48,2,'2024-02-01'),('MARTA MULJADI','Operation',0,0,0,'2024-02-01'),('NOVERLY SANDRO GOMES','Operation',53,0.88,7,'2024-02-01'),('PARTO','Operation',0,0,0,'2024-02-01'),('RANDI SEPTIANA','Operation',6,0.1,1,'2024-02-01'),('RENDI MARDIANSAH','Operation',0,0,0,'2024-02-01'),('SUJILAN','Operation',0,0,0,'2024-02-01'),('TEDDY SETIAWAN ZUNAEDI','Operation',19,0.32,3,'2024-02-01'),('WANTONO','Operation',0,0,0,'2024-02-01'),('YUNANDI YASMIN','Operation',0,0,0,'2024-02-01'),('PUTRI AISYATI INRUM','PCS',0,0,0,'2024-02-01'),('AGUS SETIAWAN','PPJM',8,0.13,2,'2024-02-01'),('ANISA CHELSEA ISLAMI','PPJM',0,0,0,'2024-02-01'),('ASEP MAULANA','PPJM',157,2.62,6,'2024-02-01'),('HARYADI','PPJM',0,0,0,'2024-02-01'),('MADI','PPJM',0,0,0,'2024-02-01'),('NONI KOMARIAH SARI','PPJM',0,0,0,'2024-02-01'),('NUR WIWID ADHI LAXMANA','PPJM',0,0,0,'2024-02-01'),('RIBKA NOVIANA ANGELINE','PPJM',286,4.77,12,'2024-02-01'),('ROBI AJID','PPJM',355,5.92,6,'2024-02-01'),('SIGIT','PPJM',0,0,0,'2024-02-01'),('URIP BUDIYANTO','PPJM',0,0,0,'2024-02-01'),('YAYA KUSWAYA','PPJM',229,3.82,5,'2024-02-01'),('ARIES PURNOMO','Purchasing',0,0,0,'2024-02-01'),('INDRA CHRIST DESWIRA SARAGIH','Purchasing',26,0.43,4,'2024-02-01'),('MESRAWATI HIA','Purchasing',0,0,0,'2024-02-01'),('WAHYUNI','Purchasing',1,0.02,1,'2024-02-01'),('WINDA NATALISA','Purchasing',108,1.8,8,'2024-02-01'),('YESSE PUTRI DEBITHA','Purchasing',70,1.17,5,'2024-02-01'),('ABDUL ROHMAN','RPE',7,0.12,1,'2024-02-01'),('ABU DZAR AL GHIFARI','RPE',250,4.17,14,'2024-02-01'),('ASHMIEZAR ADHAM','RPE',172,2.87,13,'2024-02-01'),('NIKEN WAHYUNING CANDRA','RPE',95,1.58,5,'2024-02-01'),('OSLAN SYAHRIL','RPE',25,0.42,3,'2024-02-01'),('PUJI MULATO','RPE',321,5.35,15,'2024-02-01'),('Y RUDI RUMAKSONO','RPE',0,0,0,'2024-02-01'),('BAYU AJI PRABOWO','Sales',145,2.42,7,'2024-02-01'),('DEWI PUSPITASARI','Sales',69,1.15,6,'2024-02-01'),('FAUZIAH FITRI','Sales',106,1.77,7,'2024-02-01'),('MEIDHITA SUSANDI','Sales',8,0.13,1,'2024-02-01'),('MOCHTAR JAPAR','Sales',0,0,0,'2024-02-01'),('RONALD YANSEN KOMANSILAN','Sales',228,3.8,11,'2024-02-01'),('SAHAB MARAJIBAL','Sales',200,3.33,11,'2024-02-01'),('WINSTON WIHARTO SUMA','Sales',112,1.87,4,'2024-02-01'),('EMMANUEL HAMONANGAN SIBARANI','Teknisi Service',164,2.73,9,'2024-02-01'),('ICVAN FAJAR SETIAWAN','Teknisi Service',0,0,0,'2024-02-01'),('INTAN DWI FATWA','Teknisi Service',23,0.38,1,'2024-02-01'),('M SYAIFUL BAHRI','Teknisi Service',0,0,0,'2024-02-01'),('AGUSTINUS DWIANTORO','Teknisi TC',240,4,11,'2024-02-01'),('AKHMAD PRIYANTO','Teknisi TC',2,0.03,1,'2024-02-01'),('DEKA PRABOWO','Teknisi TC',171,2.85,14,'2024-02-01'),('SULAIN','Teknisi TC',183,3.05,9,'2024-02-01'),('SUYITNO','Teknisi TC',82,1.37,8,'2024-02-01'),('HERU DWI JATMIKO','Tim Bali',0,0,0,'2024-02-01'),('LISDA NURCAHYANI','Tim Bali',0,0,0,'2024-02-01'),('ADELINE GENIE NATAN','0',74,1.23333,8,'2024-03-01'),('ARIEF ALAMSYAH','0',0,0,0,'2024-03-01'),('ARYA BAGUS','0',0,0,0,'2024-03-01'),('DAMARIO MIKAIL YUSUF','0',0,0,0,'2024-03-01'),('DAVID CHRISTIAN TAMPUBOLON','0',111,1.85,11,'2024-03-01'),('DIAN WAHYU EKO','0',0,0,0,'2024-03-01'),('EKI RIKMAWAN SUSILO','0',0,0,0,'2024-03-01'),('ERWIN SAPUTRA','0',0,0,0,'2024-03-01'),('FARADILLA SISENA','0',0,0,0,'2024-03-01'),('FLORENCIA DEVI','0',0,0,0,'2024-03-01'),('GERU RAZWIS ALFARUG','0',0,0,0,'2024-03-01'),('HASTARYO','0',0,0,0,'2024-03-01'),('IRWAN SAMUDRA','0',161,2.68333,9,'2024-03-01'),('IRWANSYAH','0',0,0,0,'2024-03-01'),('NADILLA RAHMANUL HAKIM','0',0,0,0,'2024-03-01'),('NATALIA ISABELA TUPAMAHU','0',44,0.733333,4,'2024-03-01'),('NILAM KHAERUNISA TRISURTI','0',0,0,0,'2024-03-01'),('RAUDATUL HASSANAH','0',0,0,0,'2024-03-01'),('SUKUR MUKLASIN','0',0,0,0,'2024-03-01'),('YANA OKTAFIANA','0',0,0,0,'2024-03-01'),('YONATAN SETIAWAN','0',91,1.51667,3,'2024-03-01'),('YOSUA NAHEMIA WAROKKA','0',0,0,0,'2024-03-01'),('YOVIE IRAWAN','0',202,3.36667,11,'2024-03-01'),('AMIN NUR ROHMAN','Admin Sales & Engineer',0,0,0,'2024-03-01'),('CRYSTAL NOVEL LIGAR LESTARI','Admin Sales & Engineer',45,0.75,1,'2024-03-01'),('HANA NURAINI SOFYAN','Admin Sales & Engineer',7,0.116667,3,'2024-03-01'),('INDAH LESTARI','Admin Sales & Engineer',296,4.93333,12,'2024-03-01'),('NIKI MUNANDAR','Admin Sales & Engineer',66,1.1,7,'2024-03-01'),('NIRWAN EPENDI','Admin Sales & Engineer',7,0.116667,1,'2024-03-01'),('SLAMET WIDODO','Admin Sales & Engineer',0,0,0,'2024-03-01'),('SYAVIRA SUCI RAMADHITA','Admin Sales & Engineer',0,0,0,'2024-03-01'),('TIAS STEVANI','Admin Sales & Engineer',0,0,0,'2024-03-01'),('ANTHONY SALIM','ERP',0,0,0,'2024-03-01'),('LIM RAH SALIM','ERP',83,1.38333,8,'2024-03-01'),('WENDI JOHAN','ERP',124,2.06667,10,'2024-03-01'),('ANDIKA SUYITNO','Estimator',384,6.4,18,'2024-03-01'),('ANDREAS THIO MICHAEL','Estimator',114,1.9,7,'2024-03-01'),('DEWI MARIENTA SIAHAAN','Estimator',0,0,0,'2024-03-01'),('MICHAEL SURYA WIJAYA','Estimator',447,7.45,9,'2024-03-01'),('ANISA NANDA REZEQI','Finance & Accounting',0,0,0,'2024-03-01'),('MARCELINA INDARWATI','Finance & Accounting',20,0.333333,6,'2024-03-01'),('MONICA SINAGA','Finance & Accounting',11,0.183333,3,'2024-03-01'),('NARTIN RASBOENGA','Finance & Accounting',431,7.18333,10,'2024-03-01'),('NUR AFIFAH ASIATUL','Finance & Accounting',0,0,0,'2024-03-01'),('NURCHOLIS MASJID','Finance & Accounting',19,0.316667,7,'2024-03-01'),('SANAH SEDUBUN','Finance & Accounting',80,1.33333,9,'2024-03-01'),('SRI ULINA SARAGIH','Finance & Accounting',0,0,0,'2024-03-01'),('STEPHEN DERMAWAN','Finance & Accounting',0,0,0,'2024-03-01'),('VERA HARTATY NAINGGOLAN','Finance & Accounting',0,0,0,'2024-03-01'),('WINA DAMAYANI','Finance & Accounting',0,0,0,'2024-03-01'),('YOSEFIN MEYLISTA CHRISTIANTI B','Finance & Accounting',0,0,0,'2024-03-01'),('ANANDA YOGA PRASETYO','GTI',19,0.316667,1,'2024-03-01'),('YEN YEN','GTI',48,0.8,1,'2024-03-01'),('HERI','GTI',0,0,0,'2024-03-01'),('IKHSAN FAZAR HENDIANSYAH','GTI',74,1.23333,7,'2024-03-01'),('ADI KURNIAWAN','Logistik',7,0.116667,3,'2024-03-01'),('ARIF NURACHMAN','Logistik',61,1.01667,6,'2024-03-01'),('DWI IRYANTI','Logistik',0,0,0,'2024-03-01'),('FEBRIANSYAH','Logistik',340,5.66667,14,'2024-03-01'),('MUHAMMAD RUSLAN NASRULLAH','Logistik',194,3.23333,14,'2024-03-01'),('RESTU CHAIRIL FAHMI','Logistik',13,0.216667,1,'2024-03-01'),('SUPRIYANTO','Logistik',129,2.15,4,'2024-03-01'),('APRIYANTO','MEP',263,4.38333,12,'2024-03-01'),('CATUR CAHYONO','MEP',9,0.15,1,'2024-03-01'),('DIAN ARYANI','MEP',0,0,0,'2024-03-01'),('DONNY DWIYANTO','MEP',321,5.35,11,'2024-03-01'),('GAZALI','MEP',70,1.16667,7,'2024-03-01'),('HENDRI','MEP',78,1.3,2,'2024-03-01'),('LIANG MUNANDAR','MEP',0,0,0,'2024-03-01'),('LIDYA JEFRI','MEP',81,1.35,4,'2024-03-01'),('MARSIDI','MEP',0,0,0,'2024-03-01'),('MOCHAMMAD SALEH','MEP',23,0.383333,2,'2024-03-01'),('MOHHAMMAD SYAHRUL KURNIA','MEP',0,0,0,'2024-03-01'),('MUTYA SILVIA','MEP',8,0.133333,1,'2024-03-01'),('NURIL AYU ANIWINDIRA','MEP',0,0,0,'2024-03-01'),('OKTAVIANUS AMBULENGO','MEP',14,0.233333,1,'2024-03-01'),('PALMEIDA DESRENNY HARAHAP','MEP',20,0.333333,4,'2024-03-01'),('PUTRI RISTI INDRIYANI','MEP',81,1.35,6,'2024-03-01'),('SELAMET SUSILO','MEP',162,2.7,4,'2024-03-01'),('SULAIMAN','MEP',0,0,0,'2024-03-01'),('TARSUN ARAFAN MULYA','MEP',1,0.0166667,1,'2024-03-01'),('TEGUH KODARMAN','MEP',12,0.2,2,'2024-03-01'),('VERA NOVERA','MEP',96,1.6,5,'2024-03-01'),('YUGO ADI SASONO','MEP',2,0.0333333,1,'2024-03-01'),('ACHMAD YUSUF SAPUTRA','Operation',4,0.0666667,1,'2024-03-01'),('ALLANDA','Operation',203,3.38333,13,'2024-03-01'),('DEDE JUBAEDAH','Operation',0,0,0,'2024-03-01'),('DENDY ROZANO WIDIYANTO','Operation',71,1.18333,8,'2024-03-01'),('DESY FRANSISCA','Operation',3,0.05,1,'2024-03-01'),('DIMAS WILDANI AL IRHAS','Operation',35,0.583333,5,'2024-03-01'),('DON SEBASTIAN IGNATIUS SIAGIAN','Operation',19,0.316667,4,'2024-03-01'),('EULIS KUSMIATI','Operation',8,0.133333,1,'2024-03-01'),('IKA RESTIANA','Operation',43,0.716667,6,'2024-03-01'),('JONI','Operation',8,0.133333,3,'2024-03-01'),('KALTIKA FITRI','Operation',0,0,0,'2024-03-01'),('LULU AWALIYAH','Operation',32,0.533333,4,'2024-03-01'),('M EKO AL BADRUN','Operation',0,0,0,'2024-03-01'),('MARTA MULJADI','Operation',0,0,0,'2024-03-01'),('NOVERLY SANDRO GOMES','Operation',48,0.8,5,'2024-03-01'),('PARTO','Operation',0,0,0,'2024-03-01'),('RANDI SEPTIANA','Operation',0,0,0,'2024-03-01'),('RENDI MARDIANSAH','Operation',40,0.666667,3,'2024-03-01'),('SUJILAN','Operation',0,0,0,'2024-03-01'),('TEDDY SETIAWAN ZUNAEDI','Operation',55,0.916667,5,'2024-03-01'),('WANTONO','Operation',106,1.76667,4,'2024-03-01'),('YUNANDI YASMIN','Operation',0,0,0,'2024-03-01'),('PUTRI AISYATI INRUM','PCS',0,0,0,'2024-03-01'),('AGUS SETIAWAN','PPJM',65,1.08333,5,'2024-03-01'),('ANISA CHELSEA ISLAMI','PPJM',0,0,0,'2024-03-01'),('ASEP MAULANA','PPJM',82,1.36667,5,'2024-03-01'),('HARYADI','PPJM',0,0,0,'2024-03-01'),('MADI','PPJM',72,1.2,9,'2024-03-01'),('NONI KOMARIAH SARI','PPJM',0,0,0,'2024-03-01'),('NUR WIWID ADHI LAXMANA','PPJM',15,0.25,3,'2024-03-01'),('RIBKA NOVIANA ANGELINE','PPJM',335,5.58333,14,'2024-03-01'),('ROBI AJID','PPJM',352,5.86667,8,'2024-03-01'),('SIGIT','PPJM',0,0,0,'2024-03-01'),('URIP BUDIYANTO','PPJM',0,0,0,'2024-03-01'),('YAYA KUSWAYA','PPJM',179,2.98333,5,'2024-03-01'),('ARIES PURNOMO','Purchasing',0,0,0,'2024-03-01'),('INDRA CHRIST DESWIRA SARAGIH','Purchasing',46,0.766667,4,'2024-03-01'),('MESRAWATI HIA','Purchasing',12,0.2,3,'2024-03-01'),('WAHYUNI','Purchasing',34,0.566667,5,'2024-03-01'),('WINDA NATALISA','Purchasing',137,2.28333,8,'2024-03-01'),('YESSE PUTRI DEBITHA','Purchasing',360,6,14,'2024-03-01'),('ABDUL ROHMAN','RPE',15,0.25,2,'2024-03-01'),('ABU DZAR AL GHIFARI','RPE',384,6.4,18,'2024-03-01'),('ASHMIEZAR ADHAM','RPE',187,3.11667,14,'2024-03-01'),('NIKEN WAHYUNING CANDRA','RPE',17,0.283333,4,'2024-03-01'),('OSLAN SYAHRIL','RPE',33,0.55,5,'2024-03-01'),('PUJI MULATO','RPE',224,3.73333,11,'2024-03-01'),('Y RUDI RUMAKSONO','RPE',0,0,0,'2024-03-01'),('BAYU AJI PRABOWO','Sales',255,4.25,8,'2024-03-01'),('DEWI PUSPITASARI','Sales',212,3.53333,11,'2024-03-01'),('FAUZIAH FITRI','Sales',179,2.98333,11,'2024-03-01'),('MEIDHITA SUSANDI','Sales',14,0.233333,3,'2024-03-01'),('MOCHTAR JAPAR','Sales',0,0,0,'2024-03-01'),('RONALD YANSEN KOMANSILAN','Sales',376,6.26667,14,'2024-03-01'),('SAHAB MARAJIBAL','Sales',0,0,0,'2024-03-01'),('WINSTON WIHARTO SUMA','Sales',196,3.26667,6,'2024-03-01'),('EMMANUEL HAMONANGAN SIBARANI','Teknisi Service',169,2.81667,8,'2024-03-01'),('ICVAN FAJAR SETIAWAN','Teknisi Service',9,0.15,2,'2024-03-01'),('INTAN DWI FATWA','Teknisi Service',7,0.116667,1,'2024-03-01'),('M SYAIFUL BAHRI','Teknisi Service',10,0.166667,3,'2024-03-01'),('AGUSTINUS DWIANTORO','Teknisi TC',157,2.61667,6,'2024-03-01'),('AKHMAD PRIYANTO','Teknisi TC',9,0.15,2,'2024-03-01'),('DEKA PRABOWO','Teknisi TC',70,1.16667,7,'2024-03-01'),('SULAIN','Teknisi TC',78,1.3,5,'2024-03-01'),('SUYITNO','Teknisi TC',42,0.7,7,'2024-03-01'),('HERU DWI JATMIKO','Tim Bali',0,0,0,'2024-03-01'),('LISDA NURCAHYANI','Tim Bali',0,0,0,'2024-03-01'),('ADELINE GENIE NATAN','0',100,1.67,13,'2024-04-01'),('ARIEF ALAMSYAH','0',0,0,0,'2024-04-01'),('ARYA BAGUS','0',0,0,0,'2024-04-01'),('DAMARIO MIKAIL YUSUF','0',0,0,0,'2024-04-01'),('DAVID CHRISTIAN TAMPUBOLON','0',80,1.33,7,'2024-04-01'),('DIAN WAHYU EKO','0',0,0,0,'2024-04-01'),('EKI RIKMAWAN SUSILO','0',0,0,0,'2024-04-01'),('ERWIN SAPUTRA','0',4,0.07,1,'2024-04-01'),('FARADILLA SISENA','0',0,0,0,'2024-04-01'),('FLORENCIA DEVI','0',0,0,0,'2024-04-01'),('GERU RAZWIS ALFARUG','0',0,0,0,'2024-04-01'),('HASTARYO','0',0,0,0,'2024-04-01'),('IRWAN SAMUDRA','0',274,4.57,8,'2024-04-01'),('IRWANSYAH','0',0,0,0,'2024-04-01'),('NADILLA RAHMANUL HAKIM','0',0,0,0,'2024-04-01'),('NATALIA ISABELA TUPAMAHU','0',27,0.45,4,'2024-04-01'),('NILAM KHAERUNISA TRISURTI','0',0,0,0,'2024-04-01'),('RAUDATUL HASSANAH','0',0,0,0,'2024-04-01'),('SUKUR MUKLASIN','0',0,0,0,'2024-04-01'),('YANA OKTAFIANA','0',0,0,0,'2024-04-01'),('YONATAN SETIAWAN','0',6,0.1,1,'2024-04-01'),('YOSUA NAHEMIA WAROKKA','0',0,0,0,'2024-04-01'),('YOVIE IRAWAN','0',131,2.18,9,'2024-04-01'),('AMIN NUR ROHMAN','Admin Sales & Engineer',39,0.65,2,'2024-04-01'),('CRYSTAL NOVEL LIGAR LESTARI','Admin Sales & Engineer',0,0,0,'2024-04-01'),('HANA NURAINI SOFYAN','Admin Sales & Engineer',297,4.95,1,'2024-04-01'),('INDAH LESTARI','Admin Sales & Engineer',91,1.52,3,'2024-04-01'),('NIKI MUNANDAR','Admin Sales & Engineer',140,2.33,5,'2024-04-01'),('NIRWAN EPENDI','Admin Sales & Engineer',7,0.12,1,'2024-04-01'),('SLAMET WIDODO','Admin Sales & Engineer',0,0,0,'2024-04-01'),('SYAVIRA SUCI RAMADHITA','Admin Sales & Engineer',0,0,0,'2024-04-01'),('TIAS STEVANI','Admin Sales & Engineer',0,0,0,'2024-04-01'),('ANTHONY SALIM','ERP',0,0,0,'2024-04-01'),('LIM RAH SALIM','ERP',36,0.6,7,'2024-04-01'),('WENDI JOHAN','ERP',5,0.08,2,'2024-04-01'),('ANDIKA SUYITNO','Estimator',89,1.48,8,'2024-04-01'),('ANDREAS THIO MICHAEL','Estimator',7,0.12,1,'2024-04-01'),('DEWI MARIENTA SIAHAAN','Estimator',0,0,0,'2024-04-01'),('MICHAEL SURYA WIJAYA','Estimator',313,5.22,5,'2024-04-01'),('ANISA NANDA REZEQI','Finance & Accounting',0,0,0,'2024-04-01'),('MARCELINA INDARWATI','Finance & Accounting',0,0,0,'2024-04-01'),('MONICA SINAGA','Finance & Accounting',0,0,0,'2024-04-01'),('NARTIN RASBOENGA','Finance & Accounting',204,3.4,5,'2024-04-01'),('NUR AFIFAH ASIATUL','Finance & Accounting',0,0,0,'2024-04-01'),('NURCHOLIS MASJID','Finance & Accounting',0,0,0,'2024-04-01'),('SANAH SEDUBUN','Finance & Accounting',18,0.3,3,'2024-04-01'),('SRI ULINA SARAGIH','Finance & Accounting',0,0,0,'2024-04-01'),('STEPHEN DERMAWAN','Finance & Accounting',0,0,0,'2024-04-01'),('VERA HARTATY NAINGGOLAN','Finance & Accounting',1,0.02,1,'2024-04-01'),('WINA DAMAYANI','Finance & Accounting',2,0.03,1,'2024-04-01'),('YOSEFIN MEYLISTA CHRISTIANTI B','Finance & Accounting',25,0.42,2,'2024-04-01'),('ANANDA YOGA PRASETYO','GTI',0,0,0,'2024-04-01'),('YEN YEN','GTI',32,0.53,1,'2024-04-01'),('HERI','GTI',0,0,0,'2024-04-01'),('IKHSAN FAZAR HENDIANSYAH','GTI',28,0.47,4,'2024-04-01'),('ADI KURNIAWAN','Logistik',39,0.65,3,'2024-04-01'),('ARIF NURACHMAN','Logistik',100,1.67,5,'2024-04-01'),('DWI IRYANTI','Logistik',1,0.02,1,'2024-04-01'),('FEBRIANSYAH','Logistik',82,1.37,3,'2024-04-01'),('MUHAMMAD RUSLAN NASRULLAH','Logistik',198,3.3,9,'2024-04-01'),('RESTU CHAIRIL FAHMI','Logistik',0,0,0,'2024-04-01'),('SUPRIYANTO','Logistik',0,0,0,'2024-04-01'),('APRIYANTO','MEP',258,4.3,11,'2024-04-01'),('CATUR CAHYONO','MEP',261,4.35,1,'2024-04-01'),('DIAN ARYANI','MEP',2,0.03,1,'2024-04-01'),('DONNY DWIYANTO','MEP',0,0,0,'2024-04-01'),('GAZALI','MEP',374,6.23,3,'2024-04-01'),('HENDRI','MEP',4,0.07,1,'2024-04-01'),('LIANG MUNANDAR','MEP',0,0,0,'2024-04-01'),('LIDYA JEFRI','MEP',22,0.37,1,'2024-04-01'),('MARSIDI','MEP',0,0,0,'2024-04-01'),('MOCHAMMAD SALEH','MEP',0,0,0,'2024-04-01'),('MOHHAMMAD SYAHRUL KURNIA','MEP',0,0,0,'2024-04-01'),('MUTYA SILVIA','MEP',22,0.37,3,'2024-04-01'),('NURIL AYU ANIWINDIRA','MEP',0,0,0,'2024-04-01'),('OKTAVIANUS AMBULENGO','MEP',5,0.08,1,'2024-04-01'),('PALMEIDA DESRENNY HARAHAP','MEP',65,1.08,3,'2024-04-01'),('PUTRI RISTI INDRIYANI','MEP',93,1.55,6,'2024-04-01'),('SELAMET SUSILO','MEP',0,0,0,'2024-04-01'),('SULAIMAN','MEP',0,0,0,'2024-04-01'),('TARSUN ARAFAN MULYA','MEP',75,1.25,4,'2024-04-01'),('TEGUH KODARMAN','MEP',0,0,0,'2024-04-01'),('VERA NOVERA','MEP',10,0.17,2,'2024-04-01'),('YUGO ADI SASONO','MEP',0,0,0,'2024-04-01'),('ACHMAD YUSUF SAPUTRA','Operation',14,0.23,1,'2024-04-01'),('ALLANDA','Operation',33,0.55,4,'2024-04-01'),('DEDE JUBAEDAH','Operation',0,0,0,'2024-04-01'),('DENDY ROZANO WIDIYANTO','Operation',61,1.02,5,'2024-04-01'),('DESY FRANSISCA','Operation',0,0,0,'2024-04-01'),('DIMAS WILDANI AL IRHAS','Operation',8,0.13,1,'2024-04-01'),('DON SEBASTIAN IGNATIUS SIAGIAN','Operation',10,0.17,2,'2024-04-01'),('EULIS KUSMIATI','Operation',0,0,0,'2024-04-01'),('IKA RESTIANA','Operation',8,0.13,1,'2024-04-01'),('JONI','Operation',0,0,0,'2024-04-01'),('KALTIKA FITRI','Operation',0,0,0,'2024-04-01'),('LULU AWALIYAH','Operation',0,0,0,'2024-04-01'),('M EKO AL BADRUN','Operation',4,0.07,1,'2024-04-01'),('MARTA MULJADI','Operation',0,0,0,'2024-04-01'),('NOVERLY SANDRO GOMES','Operation',29,0.48,3,'2024-04-01'),('PARTO','Operation',0,0,0,'2024-04-01'),('RANDI SEPTIANA','Operation',0,0,0,'2024-04-01'),('RENDI MARDIANSAH','Operation',0,0,0,'2024-04-01'),('SUJILAN','Operation',0,0,0,'2024-04-01'),('TEDDY SETIAWAN ZUNAEDI','Operation',36,0.6,5,'2024-04-01'),('WANTONO','Operation',0,0,0,'2024-04-01'),('YUNANDI YASMIN','Operation',0,0,0,'2024-04-01'),('PUTRI AISYATI INRUM','PCS',0,0,0,'2024-04-01'),('AGUS SETIAWAN','PPJM',42,0.7,4,'2024-04-01'),('ANISA CHELSEA ISLAMI','PPJM',0,0,0,'2024-04-01'),('ASEP MAULANA','PPJM',15,0.25,1,'2024-04-01'),('HARYADI','PPJM',0,0,0,'2024-04-01'),('MADI','PPJM',35,0.58,1,'2024-04-01'),('NONI KOMARIAH SARI','PPJM',0,0,0,'2024-04-01'),('NUR WIWID ADHI LAXMANA','PPJM',4,0.07,1,'2024-04-01'),('RIBKA NOVIANA ANGELINE','PPJM',217,3.62,12,'2024-04-01'),('ROBI AJID','PPJM',355,5.92,11,'2024-04-01'),('SIGIT','PPJM',40,0.67,1,'2024-04-01'),('URIP BUDIYANTO','PPJM',0,0,0,'2024-04-01'),('YAYA KUSWAYA','PPJM',29,0.48,4,'2024-04-01'),('ARIES PURNOMO','Purchasing',4,0.07,1,'2024-04-01'),('INDRA CHRIST DESWIRA SARAGIH','Purchasing',14,0.23,3,'2024-04-01'),('MESRAWATI HIA','Purchasing',4,0.07,1,'2024-04-01'),('WAHYUNI','Purchasing',9,0.15,2,'2024-04-01'),('WINDA NATALISA','Purchasing',21,0.35,1,'2024-04-01'),('YESSE PUTRI DEBITHA','Purchasing',105,1.75,7,'2024-04-01'),('ABDUL ROHMAN','RPE',0,0,0,'2024-04-01'),('ABU DZAR AL GHIFARI','RPE',356,5.93,17,'2024-04-01'),('ASHMIEZAR ADHAM','RPE',322,5.37,15,'2024-04-01'),('NIKEN WAHYUNING CANDRA','RPE',12,0.2,4,'2024-04-01'),('OSLAN SYAHRIL','RPE',24,0.4,2,'2024-04-01'),('PUJI MULATO','RPE',255,4.25,15,'2024-04-01'),('Y RUDI RUMAKSONO','RPE',0,0,0,'2024-04-01'),('BAYU AJI PRABOWO','Sales',168,2.8,5,'2024-04-01'),('DEWI PUSPITASARI','Sales',68,1.13,4,'2024-04-01'),('FAUZIAH FITRI','Sales',174,2.9,10,'2024-04-01'),('MEIDHITA SUSANDI','Sales',19,0.32,5,'2024-04-01'),('MOCHTAR JAPAR','Sales',0,0,0,'2024-04-01'),('RONALD YANSEN KOMANSILAN','Sales',333,5.55,10,'2024-04-01'),('SAHAB MARAJIBAL','Sales',447,7.45,11,'2024-04-01'),('WINSTON WIHARTO SUMA','Sales',92,1.53,3,'2024-04-01'),('EMMANUEL HAMONANGAN SIBARANI','Teknisi Service',241,4.02,9,'2024-04-01'),('ICVAN FAJAR SETIAWAN','Teknisi Service',0,0,0,'2024-04-01'),('INTAN DWI FATWA','Teknisi Service',98,1.63,2,'2024-04-01'),('M SYAIFUL BAHRI','Teknisi Service',0,0,0,'2024-04-01'),('AGUSTINUS DWIANTORO','Teknisi TC',48,0.8,5,'2024-04-01'),('AKHMAD PRIYANTO','Teknisi TC',0,0,0,'2024-04-01'),('DEKA PRABOWO','Teknisi TC',56,0.93,5,'2024-04-01'),('SULAIN','Teknisi TC',53,0.88,5,'2024-04-01'),('SUYITNO','Teknisi TC',46,0.77,4,'2024-04-01'),('HERU DWI JATMIKO','Tim Bali',0,0,0,'2024-04-01'),('LISDA NURCAHYANI','Tim Bali',0,0,0,'2024-04-01'),('ADELINE GENIE NATAN','0',109,1.82,14,'2024-05-01'),('ARIEF ALAMSYAH','0',0,0,0,'2024-05-01'),('ARYA BAGUS','0',0,0,0,'2024-05-01'),('DAMARIO MIKAIL YUSUF','0',0,0,0,'2024-05-01'),('DAVID CHRISTIAN TAMPUBOLON','0',129,2.15,10,'2024-05-01'),('DIAN WAHYU EKO','0',0,0,0,'2024-05-01'),('EKI RIKMAWAN SUSILO','0',0,0,0,'2024-05-01'),('ERWIN SAPUTRA','0',0,0,0,'2024-05-01'),('FARADILLA SISENA','0',0,0,0,'2024-05-01'),('FLORENCIA DEVI','0',0,0,0,'2024-05-01'),('GERU RAZWIS ALFARUG','0',0,0,0,'2024-05-01'),('HASTARYO','0',0,0,0,'2024-05-01'),('IMAN PUJITRIANTO','0',0,0,0,'2024-05-01'),('IRWAN SAMUDRA','0',0,0,0,'2024-05-01'),('IRWANSYAH','0',0,0,0,'2024-05-01'),('NADILLA RAHMANUL HAKIM','0',0,0,0,'2024-05-01'),('NATALIA ISABELA TUPAMAHU','0',0,0,0,'2024-05-01'),('NILAM KHAERUNISA TRISURTI','0',0,0,0,'2024-05-01'),('RAUDATUL HASSANAH','0',20,0.33,2,'2024-05-01'),('SUKUR MUKLASIN','0',0,0,0,'2024-05-01'),('YANA OKTAFIANA','0',0,0,0,'2024-05-01'),('YONATAN SETIAWAN','0',0,0,0,'2024-05-01'),('YOSUA NAHEMIA WAROKKA','0',0,0,0,'2024-05-01'),('YOVIE IRAWAN','0',7,0.12,1,'2024-05-01'),('AMIN NUR ROHMAN','Admin Sales & Engineer',8,0.13,1,'2024-05-01'),('CRYSTAL NOVEL LIGAR LESTARI','Admin Sales & Engineer',0,0,0,'2024-05-01'),('HANA NURAINI SOFYAN','Admin Sales & Engineer',5,0.08,2,'2024-05-01'),('INDAH LESTARI','Admin Sales & Engineer',119,1.98,11,'2024-05-01'),('NIKI MUNANDAR','Admin Sales & Engineer',174,2.9,9,'2024-05-01'),('NIRWAN EPENDI','Admin Sales & Engineer',0,0,0,'2024-05-01'),('SLAMET WIDODO','Admin Sales & Engineer',0,0,0,'2024-05-01'),('SYAVIRA SUCI RAMADHITA','Admin Sales & Engineer',0,0,0,'2024-05-01'),('TIAS STEVANI','Admin Sales & Engineer',0,0,0,'2024-05-01'),('ANTHONY SALIM','ERP',0,0,0,'2024-05-01'),('LIM RAH SALIM','ERP',22,0.37,4,'2024-05-01'),('WENDI JOHAN','ERP',10,0.17,3,'2024-05-01'),('ANDIKA SUYITNO','Estimator',124,2.07,13,'2024-05-01'),('ANDREAS THIO MICHAEL','Estimator',34,0.57,6,'2024-05-01'),('DEWI MARIENTA SIAHAAN','Estimator',1,0.02,1,'2024-05-01'),('MICHAEL SURYA WIJAYA','Estimator',245,4.08,2,'2024-05-01'),('ANISA NANDA REZEQI','Finance & Accounting',0,0,0,'2024-05-01'),('HARYO PERDANA SENO AJI','Finance & Accounting',0,0,0,'2024-05-01'),('MARCELINA INDARWATI','Finance & Accounting',17,0.28,5,'2024-05-01'),('MONICA SINAGA','Finance & Accounting',0,0,0,'2024-05-01'),('NARTIN RASBOENGA','Finance & Accounting',116,1.93,3,'2024-05-01'),('NUR AFIFAH ASIATUL','Finance & Accounting',0,0,0,'2024-05-01'),('NURCHOLIS MASJID','Finance & Accounting',8,0.13,4,'2024-05-01'),('SANAH SEDUBUN','Finance & Accounting',0,0,0,'2024-05-01'),('SRI ULINA SARAGIH','Finance & Accounting',0,0,0,'2024-05-01'),('STEPHEN DERMAWAN','Finance & Accounting',0,0,0,'2024-05-01'),('VERA HARTATY NAINGGOLAN','Finance & Accounting',3,0.05,3,'2024-05-01'),('WINA DAMAYANI','Finance & Accounting',1,0.02,1,'2024-05-01'),('YOSEFIN MEYLISTA CHRISTIANTI B','Finance & Accounting',1,0.02,1,'2024-05-01'),('ANANDA YOGA PRASETYO','GTI',0,0,0,'2024-05-01'),('YEN YEN','GTI',0,0,0,'2024-05-01'),('HERI','GTI',0,0,0,'2024-05-01'),('IKHSAN FAZAR HENDIANSYAH','GTI',91,1.52,7,'2024-05-01'),('ADI KURNIAWAN','Logistik',0,0,0,'2024-05-01'),('ARIF NURACHMAN','Logistik',0,0,0,'2024-05-01'),('DWI IRYANTI','Logistik',0,0,0,'2024-05-01'),('FEBRIANSYAH','Logistik',71,1.18,8,'2024-05-01'),('MUHAMMAD RUSLAN NASRULLAH','Logistik',0,0,0,'2024-05-01'),('RESTU CHAIRIL FAHMI','Logistik',4,0.07,1,'2024-05-01'),('SUPRIYANTO','Logistik',0,0,0,'2024-05-01'),('ABDUL KHAIR JABAR','MEP',0,0,0,'2024-05-01'),('AGUS DJULIANTO RAHAJU','MEP',0,0,0,'2024-05-01'),('APRIYANTO','MEP',0,0,0,'2024-05-01'),('CATUR CAHYONO','MEP',0,0,0,'2024-05-01'),('DIAN ARYANI','MEP',0,0,0,'2024-05-01'),('DONNY DWIYANTO','MEP',298,4.97,7,'2024-05-01'),('GAZALI','MEP',396,6.6,11,'2024-05-01'),('HENDRI','MEP',0,0,0,'2024-05-01'),('LIANG MUNANDAR','MEP',0,0,0,'2024-05-01'),('LIDYA JEFRI','MEP',0,0,0,'2024-05-01'),('MARSIDI','MEP',0,0,0,'2024-05-01'),('MOCHAMMAD SALEH','MEP',0,0,0,'2024-05-01'),('MOHHAMMAD SYAHRUL KURNIA','MEP',0,0,0,'2024-05-01'),('MUTYA SILVIA','MEP',2,0.03,1,'2024-05-01'),('NURIL AYU ANIWINDIRA','MEP',0,0,0,'2024-05-01'),('OKTAVIANUS AMBULENGO','MEP',10,0.17,1,'2024-05-01'),('PALMEIDA DESRENNY HARAHAP','MEP',15,0.25,2,'2024-05-01'),('PUTRI RISTI INDRIYANI','MEP',34,0.57,6,'2024-05-01'),('SELAMET SUSILO','MEP',0,0,0,'2024-05-01'),('SRI SUNARTO','MEP',9,0.15,1,'2024-05-01'),('SULAIMAN','MEP',0,0,0,'2024-05-01'),('TARSUN ARAFAN MULYA','MEP',77,1.28,7,'2024-05-01'),('TEGUH KODARMAN','MEP',0,0,0,'2024-05-01'),('VERA NOVERA','MEP',11,0.18,1,'2024-05-01'),('YAMAN','MEP',52,0.87,6,'2024-05-01'),('YUGO ADI SASONO','MEP',46,0.77,1,'2024-05-01'),('ACHMAD YUSUF SAPUTRA','Operation',0,0,0,'2024-05-01'),('ALLANDA','Operation',29,0.48,4,'2024-05-01'),('DEDE JUBAEDAH','Operation',0,0,0,'2024-05-01'),('DENDY ROZANO WIDIYANTO','Operation',106,1.77,9,'2024-05-01'),('DESY FRANSISCA','Operation',0,0,0,'2024-05-01'),('DIMAS WILDANI AL IRHAS','Operation',0,0,0,'2024-05-01'),('DON SEBASTIAN IGNATIUS SIAGIAN','Operation',0,0,0,'2024-05-01'),('EULIS KUSMIATI','Operation',0,0,0,'2024-05-01'),('IKA RESTIANA','Operation',2,0.03,1,'2024-05-01'),('JONI','Operation',0,0,0,'2024-05-01'),('KALTIKA FITRI','Operation',0,0,0,'2024-05-01'),('LULU AWALIYAH','Operation',12,0.2,3,'2024-05-01'),('M EKO AL BADRUN','Operation',2,0.03,1,'2024-05-01'),('MARTA MULJADI','Operation',0,0,0,'2024-05-01'),('NOVERLY SANDRO GOMES','Operation',0,0,0,'2024-05-01'),('PARTO','Operation',0,0,0,'2024-05-01'),('RANDI SEPTIANA','Operation',52,0.87,1,'2024-05-01'),('RENDI MARDIANSAH','Operation',0,0,0,'2024-05-01'),('SUJILAN','Operation',0,0,0,'2024-05-01'),('TEDDY SETIAWAN ZUNAEDI','Operation',0,0,0,'2024-05-01'),('WANTONO','Operation',0,0,0,'2024-05-01'),('YUNANDI YASMIN','Operation',0,0,0,'2024-05-01'),('MUMIN','PCS',0,0,0,'2024-05-01'),('PUTRI AISYATI INRUM','PCS',0,0,0,'2024-05-01'),('AGUS SETIAWAN','PPJM',23,0.38,1,'2024-05-01'),('ANISA CHELSEA ISLAMI','PPJM',0,0,0,'2024-05-01'),('ASEP MAULANA','PPJM',5,0.08,1,'2024-05-01'),('HARYADI','PPJM',0,0,0,'2024-05-01'),('MADI','PPJM',0,0,0,'2024-05-01'),('NONI KOMARIAH SARI','PPJM',2,0.03,2,'2024-05-01'),('NUR WIWID ADHI LAXMANA','PPJM',0,0,0,'2024-05-01'),('RIBKA NOVIANA ANGELINE','PPJM',404,6.73,12,'2024-05-01'),('ROBI AJID','PPJM',532,8.87,7,'2024-05-01'),('SIGIT','PPJM',6,0.1,1,'2024-05-01'),('URIP BUDIYANTO','PPJM',0,0,0,'2024-05-01'),('YAYA KUSWAYA','PPJM',155,2.58,4,'2024-05-01'),('ARIES PURNOMO','Purchasing',0,0,0,'2024-05-01'),('INDRA CHRIST DESWIRA SARAGIH','Purchasing',0,0,0,'2024-05-01'),('MESRAWATI HIA','Purchasing',0,0,0,'2024-05-01'),('WAHYUNI','Purchasing',5,0.08,1,'2024-05-01'),('WINDA NATALISA','Purchasing',48,0.8,6,'2024-05-01'),('YESSE PUTRI DEBITHA','Purchasing',10,0.17,2,'2024-05-01'),('ABDUL ROHMAN','RPE',2,0.03,1,'2024-05-01'),('ABU DZAR AL GHIFARI','RPE',240,4,15,'2024-05-01'),('ASHMIEZAR ADHAM','RPE',252,4.2,16,'2024-05-01'),('NIKEN WAHYUNING CANDRA','RPE',9,0.15,2,'2024-05-01'),('OSLAN SYAHRIL','RPE',22,0.37,2,'2024-05-01'),('PUJI MULATO','RPE',226,3.77,14,'2024-05-01'),('Y RUDI RUMAKSONO','RPE',0,0,0,'2024-05-01'),('BAYU AJI PRABOWO','Sales',25,0.42,2,'2024-05-01'),('DEWI PUSPITASARI','Sales',194,3.23,12,'2024-05-01'),('FAUZIAH FITRI','Sales',66,1.1,8,'2024-05-01'),('GOMGOM SIAGIAN','Sales',0,0,0,'2024-05-01'),('MEIDHITA SUSANDI','Sales',0,0,0,'2024-05-01'),('MOCHTAR JAPAR','Sales',0,0,0,'2024-05-01'),('RONALD YANSEN KOMANSILAN','Sales',256,4.27,12,'2024-05-01'),('SAHAB MARAJIBAL','Sales',172,2.87,8,'2024-05-01'),('WINSTON WIHARTO SUMA','Sales',212,3.53,8,'2024-05-01'),('EMMANUEL HAMONANGAN SIBARANI','Teknisi Service',455,7.58,7,'2024-05-01'),('HANIF NUR PRATAMA','Teknisi Service',0,0,0,'2024-05-01'),('ICVAN FAJAR SETIAWAN','Teknisi Service',0,0,0,'2024-05-01'),('INTAN DWI FATWA','Teknisi Service',0,0,0,'2024-05-01'),('M SYAIFUL BAHRI','Teknisi Service',0,0,0,'2024-05-01'),('AGUSTINUS DWIANTORO','Teknisi TC',3,0.05,2,'2024-05-01'),('AKHMAD PRIYANTO','Teknisi TC',0,0,0,'2024-05-01'),('DEKA PRABOWO','Teknisi TC',5,0.08,1,'2024-05-01'),('SULAIN','Teknisi TC',0,0,0,'2024-05-01'),('SUYITNO','Teknisi TC',0,0,0,'2024-05-01'),('HERU DWI JATMIKO','Tim Bali',0,0,0,'2024-05-01'),('LISDA NURCAHYANI','Tim Bali',0,0,0,'2024-05-01'),('AMIN NUR ROHMAN','Admin Sales & Engineer',0,0,0,'2024-06-01'),('CRYSTAL NOVEL LIGAR LESTARI','Admin Sales & Engineer',0,0,0,'2024-06-01'),('HANA NURAINI SOFYAN','Admin Sales & Engineer',3,0.05,1,'2024-06-01'),('INDAH LESTARI','Admin Sales & Engineer',96,1.6,11,'2024-06-01'),('NIKI MUNANDAR','Admin Sales & Engineer',60,1,5,'2024-06-01'),('NIRWAN EPENDI','Admin Sales & Engineer',0,0,0,'2024-06-01'),('SLAMET WIDODO','Admin Sales & Engineer',0,0,0,'2024-06-01'),('SYAVIRA SUCI RAMADHITA','Admin Sales & Engineer',0,0,0,'2024-06-01'),('TIAS STEVANI','Admin Sales & Engineer',0,0,0,'2024-06-01'),('','Admin Sales & Engineer',0,0,0,'2024-06-01'),('ANTHONY SALIM','ERP',0,0,0,'2024-06-01'),('LIM RAH SALIM','ERP',18,0.3,5,'2024-06-01'),('WENDI JOHAN','ERP',37,0.62,6,'2024-06-01'),('ANDIKA SUYITNO','Estimator',143,2.38,14,'2024-06-01'),('ANDREAS THIO MICHAEL','Estimator',40,0.67,5,'2024-06-01'),('DEWI MARIENTA SIAHAAN','Estimator',56,0.93,4,'2024-06-01'),('MICHAEL SURYA WIJAYA','Estimator',528,8.8,6,'2024-06-01'),('ANISA NANDA REZEQI','Finance & Accounting',0,0,0,'2024-06-01'),('','Finance & Accounting',0,0,0,'2024-06-01'),('MARCELINA INDARWATI','Finance & Accounting',34,0.57,4,'2024-06-01'),('MONICA SINAGA','Finance & Accounting',0,0,0,'2024-06-01'),('NARTIN RASBOENGA','Finance & Accounting',267,4.45,9,'2024-06-01'),('NUR AFIFAH ASIATUL','Finance & Accounting',0,0,0,'2024-06-01'),('NURCHOLIS MASJID','Finance & Accounting',20,0.33,6,'2024-06-01'),('SANAH SEDUBUN','Finance & Accounting',67,1.12,6,'2024-06-01'),('SRI ULINA SARAGIH','Finance & Accounting',0,0,0,'2024-06-01'),('STEPHEN DERMAWAN','Finance & Accounting',0,0,0,'2024-06-01'),('VERA HARTATY NAINGGOLAN','Finance & Accounting',1,0.02,1,'2024-06-01'),('WINA DAMAYANI','Finance & Accounting',0,0,0,'2024-06-01'),('YOSEFIN MEYLISTA CHRISTIANTI B','Finance & Accounting',0,0,0,'2024-06-01'),('ANANDA YOGA PRASETYO','GTI',225,3.75,1,'2024-06-01'),('YEN YEN','GTI',29,0.48,2,'2024-06-01'),('HERI','GTI',48,0.8,1,'2024-06-01'),('IKHSAN FAZAR HENDIANSYAH','GTI',139,2.32,10,'2024-06-01'),('ADI KURNIAWAN','Logistik',0,0,0,'2024-06-01'),('ARIF NURACHMAN','Logistik',30,0.5,5,'2024-06-01'),('DWI IRYANTI','Logistik',0,0,0,'2024-06-01'),('FEBRIANSYAH','Logistik',59,0.98,7,'2024-06-01'),('MUHAMMAD RUSLAN NASRULLAH','Logistik',133,2.22,9,'2024-06-01'),('RESTU CHAIRIL FAHMI','Logistik',3,0.05,2,'2024-06-01'),('SUPRIYANTO','Logistik',409,6.82,2,'2024-06-01'),('','MEP',0,0,0,'2024-06-01'),('','MEP',0,0,0,'2024-06-01'),('APRIYANTO','MEP',27,0.45,3,'2024-06-01'),('CATUR CAHYONO','MEP',0,0,0,'2024-06-01'),('DIAN ARYANI','MEP',1,0.02,1,'2024-06-01'),('DONNY DWIYANTO','MEP',46,0.77,2,'2024-06-01'),('GAZALI','MEP',423,7.05,16,'2024-06-01'),('','MEP',83,1.38,9,'2024-06-01'),('HENDRI','MEP',0,0,0,'2024-06-01'),('LIANG MUNANDAR','MEP',2,0.03,1,'2024-06-01'),('LIDYA JEFRI','MEP',172,2.87,1,'2024-06-01'),('MARSIDI','MEP',0,0,0,'2024-06-01'),('MOCHAMMAD SALEH','MEP',0,0,0,'2024-06-01'),('MOHHAMMAD SYAHRUL KURNIA','MEP',0,0,0,'2024-06-01'),('','MEP',76,1.27,2,'2024-06-01'),('MUTYA SILVIA','MEP',3,0.05,1,'2024-06-01'),('NURIL AYU ANIWINDIRA','MEP',0,0,0,'2024-06-01'),('OKTAVIANUS AMBULENGO','MEP',0,0,0,'2024-06-01'),('PALMEIDA DESRENNY HARAHAP','MEP',0,0,0,'2024-06-01'),('PUTRI RISTI INDRIYANI','MEP',27,0.45,7,'2024-06-01'),('SELAMET SUSILO','MEP',0,0,0,'2024-06-01'),('','MEP',0,0,0,'2024-06-01'),('SULAIMAN','MEP',0,0,0,'2024-06-01'),('TARSUN ARAFAN MULYA','MEP',120,2,7,'2024-06-01'),('TEGUH KODARMAN','MEP',0,0,0,'2024-06-01'),('VERA NOVERA','MEP',52,0.87,4,'2024-06-01'),('','MEP',3,0.05,2,'2024-06-01'),('YUGO ADI SASONO','MEP',0,0,0,'2024-06-01'),('ACHMAD YUSUF SAPUTRA','Operation',0,0,0,'2024-06-01'),('ALLANDA','Operation',105,1.75,11,'2024-06-01'),('DEDE JUBAEDAH','Operation',0,0,0,'2024-06-01'),('DENDY ROZANO WIDIYANTO','Operation',187,3.12,11,'2024-06-01'),('DESY FRANSISCA','Operation',0,0,0,'2024-06-01'),('DIMAS WILDANI AL IRHAS','Operation',7,0.12,1,'2024-06-01'),('DON SEBASTIAN IGNATIUS SIAGIAN','Operation',9,0.15,1,'2024-06-01'),('EULIS KUSMIATI','Operation',0,0,0,'2024-06-01'),('IKA RESTIANA','Operation',12,0.2,1,'2024-06-01'),('JONI','Operation',0,0,0,'2024-06-01'),('KALTIKA FITRI','Operation',0,0,0,'2024-06-01'),('LULU AWALIYAH','Operation',1,0.02,1,'2024-06-01'),('M EKO AL BADRUN','Operation',0,0,0,'2024-06-01'),('MARTA MULJADI','Operation',0,0,0,'2024-06-01'),('NOVERLY SANDRO GOMES','Operation',49,0.82,5,'2024-06-01'),('PARTO','Operation',0,0,0,'2024-06-01'),('RANDI SEPTIANA','Operation',0,0,0,'2024-06-01'),('RENDI MARDIANSAH','Operation',0,0,0,'2024-06-01'),('SUJILAN','Operation',0,0,0,'2024-06-01'),('TEDDY SETIAWAN ZUNAEDI','Operation',4,0.07,3,'2024-06-01'),('WANTONO','Operation',4,0.07,1,'2024-06-01'),('YUNANDI YASMIN','Operation',0,0,0,'2024-06-01'),('','PCS',0,0,0,'2024-06-01'),('PUTRI AISYATI INRUM','PCS',0,0,0,'2024-06-01'),('AGUS SETIAWAN','PPJM',14,0.23,2,'2024-06-01'),('ANISA CHELSEA ISLAMI','PPJM',0,0,0,'2024-06-01'),('ASEP MAULANA','PPJM',21,0.35,1,'2024-06-01'),('HARYADI','PPJM',0,0,0,'2024-06-01'),('MADI','PPJM',13,0.22,1,'2024-06-01'),('NONI KOMARIAH SARI','PPJM',19,0.32,2,'2024-06-01'),('NUR WIWID ADHI LAXMANA','PPJM',38,0.63,4,'2024-06-01'),('RIBKA NOVIANA ANGELINE','PPJM',212,3.53,7,'2024-06-01'),('ROBI AJID','PPJM',262,4.37,10,'2024-06-01'),('SIGIT','PPJM',12,0.2,3,'2024-06-01'),('URIP BUDIYANTO','PPJM',0,0,0,'2024-06-01'),('YAYA KUSWAYA','PPJM',22,0.37,3,'2024-06-01'),('ARIES PURNOMO','Purchasing',0,0,0,'2024-06-01'),('INDRA CHRIST DESWIRA SARAGIH','Purchasing',15,0.25,2,'2024-06-01'),('MESRAWATI HIA','Purchasing',6,0.1,1,'2024-06-01'),('WAHYUNI','Purchasing',23,0.38,3,'2024-06-01'),('WINDA NATALISA','Purchasing',49,0.82,8,'2024-06-01'),('YESSE PUTRI DEBITHA','Purchasing',155,2.58,9,'2024-06-01'),('ABDUL ROHMAN','RPE',39,0.65,3,'2024-06-01'),('ABU DZAR AL GHIFARI','RPE',434,7.23,19,'2024-06-01'),('ASHMIEZAR ADHAM','RPE',219,3.65,15,'2024-06-01'),('','RPE',0,0,0,'2024-06-01'),('NIKEN WAHYUNING CANDRA','RPE',218,3.63,9,'2024-06-01'),('OSLAN SYAHRIL','RPE',38,0.63,4,'2024-06-01'),('PUJI MULATO','RPE',229,3.82,13,'2024-06-01'),('Y RUDI RUMAKSONO','RPE',0,0,0,'2024-06-01'),('BAYU AJI PRABOWO','Sales',258,4.3,11,'2024-06-01'),('DEWI PUSPITASARI','Sales',0,0,0,'2024-06-01'),('FAUZIAH FITRI','Sales',81,1.35,8,'2024-06-01'),('','Sales',10,0.17,1,'2024-06-01'),('MEIDHITA SUSANDI','Sales',0,0,0,'2024-06-01'),('MOCHTAR JAPAR','Sales',0,0,0,'2024-06-01'),('','Sales',0,0,0,'2024-06-01'),('RONALD YANSEN KOMANSILAN','Sales',229,3.82,7,'2024-06-01'),('SAHAB MARAJIBAL','Sales',414,6.9,13,'2024-06-01'),('WINSTON WIHARTO SUMA','Sales',66,1.1,1,'2024-06-01'),('EMMANUEL HAMONANGAN SIBARANI','Teknisi Service',369,6.15,10,'2024-06-01'),('','Teknisi Service',0,0,0,'2024-06-01'),('ICVAN FAJAR SETIAWAN','Teknisi Service',0,0,0,'2024-06-01'),('INTAN DWI FATWA','Teknisi Service',71,1.18,2,'2024-06-01'),('M SYAIFUL BAHRI','Teknisi Service',0,0,0,'2024-06-01'),('AGUSTINUS DWIANTORO','Teknisi TC',3,0.05,2,'2024-06-01'),('AKHMAD PRIYANTO','Teknisi TC',0,0,0,'2024-06-01'),('DEKA PRABOWO','Teknisi TC',74,1.23,4,'2024-06-01'),('SULAIN','Teknisi TC',48,0.8,3,'2024-06-01'),('SUYITNO','Teknisi TC',36,0.6,4,'2024-06-01'),('HERU DWI JATMIKO','Tim Bali',0,0,0,'2024-06-01'),('LISDA NURCAHYANI','Tim Bali',0,0,0,'2024-06-01'),('ADELINE GENIE NATAN','',261,4.35,21,'2024-06-01'),('ARIEF ALAMSYAH','',0,0,0,'2024-06-01'),('ARYA BAGUS','',0,0,0,'2024-06-01'),('DAMARIO MIKAIL YUSUF','',0,0,0,'2024-06-01'),('DAVID CHRISTIAN TAMPUBOLON','',95,1.58,6,'2024-06-01'),('DIAN WAHYU EKO','',0,0,0,'2024-06-01'),('EKI RIKMAWAN SUSILO','',0,0,0,'2024-06-01'),('ERWIN SAPUTRA','',0,0,0,'2024-06-01'),('FARADILLA SISENA','',92,1.53,1,'2024-06-01'),('','',0,0,0,'2024-06-01'),('FLORENCIA DEVI','',0,0,0,'2024-06-01'),('GERU RAZWIS ALFARUG','',0,0,0,'2024-06-01'),('HASTARYO','',5,0.08,1,'2024-06-01'),('IRWAN SAMUDRA','',0,0,0,'2024-06-01'),('IRWANSYAH','',0,0,0,'2024-06-01'),('NADILLA RAHMANUL HAKIM','',0,0,0,'2024-06-01'),('NATALIA ISABELA TUPAMAHU','',0,0,0,'2024-06-01'),('NILAM KHAERUNISA TRISURTI','',0,0,0,'2024-06-01'),('RAUDATUL HASSANAH','',1,0.02,1,'2024-06-01'),('SUKUR MUKLASIN','',0,0,0,'2024-06-01'),('YANA OKTAFIANA','',0,0,0,'2024-06-01'),('YONATAN SETIAWAN','',0,0,0,'2024-06-01'),('YOSUA NAHEMIA WAROKKA','',0,0,0,'2024-06-01'),('YOVIE IRAWAN','',0,0,0,'2024-06-01'),('','0',64,1.07,14,'2024-01-01'),('ARIEF ALAMSYAH','0',0,0,0,'2024-01-01'),('ARYA BAGUS','0',8,0.13,2,'2024-01-01'),('DAMARIO MIKAIL YUSUF','0',0,0,0,'2024-01-01'),('DAVID CHRISTIAN TAMPUBOLON','0',28,0.47,5,'2024-01-01'),('DIAN WAHYU EKO','0',15,0.25,1,'2024-01-01'),('EKI RIKMAWAN SUSILO','0',0,0,0,'2024-01-01'),('ERWIN SAPUTRA','0',0,0,0,'2024-01-01'),('FARADILLA SISENA','0',0,0,0,'2024-01-01'),('FLORENCIA DEVI','0',0,0,0,'2024-01-01'),('GERU RAZWIS ALFARUG','0',229,3.82,6,'2024-01-01'),('HASTARYO','0',0,0,0,'2024-01-01'),('IRWAN SAMUDRA','0',128,2.13,4,'2024-01-01'),('IRWANSYAH','0',0,0,0,'2024-01-01'),('NADILLA RAHMANUL HAKIM','0',0,0,0,'2024-01-01'),('NATALIA ISABELA TUPAMAHU','0',15,0.25,4,'2024-01-01'),('NILAM KHAERUNISA TRISURTI','0',0,0,0,'2024-01-01'),('RAUDATUL HASSANAH','0',10,0.17,3,'2024-01-01'),('SUKUR MUKLASIN','0',0,0,0,'2024-01-01'),('YANA OKTAFIANA','0',0,0,0,'2024-01-01'),('YONATAN SETIAWAN','0',0,0,0,'2024-01-01'),('YOSUA NAHEMIA WAROKKA','0',4,0.07,1,'2024-01-01'),('YOVIE IRAWAN','0',119,1.98,8,'2024-01-01'),('AMIN NUR ROHMAN','Admin Sales & Engineer',0,0,0,'2024-01-01'),('CRYSTAL NOVEL LIGAR LESTARI','Admin Sales & Engineer',0,0,0,'2024-01-01'),('HANA NURAINI SOFYAN','Admin Sales & Engineer',1,0.02,1,'2024-01-01'),('INDAH LESTARI','Admin Sales & Engineer',75,1.25,11,'2024-01-01'),('NIKI MUNANDAR','Admin Sales & Engineer',34,0.57,4,'2024-01-01'),('NIRWAN EPENDI','Admin Sales & Engineer',51,0.85,2,'2024-01-01'),('SLAMET WIDODO','Admin Sales & Engineer',0,0,0,'2024-01-01'),('SYAVIRA SUCI RAMADHITA','Admin Sales & Engineer',0,0,0,'2024-01-01'),('TIAS STEVANI','Admin Sales & Engineer',0,0,0,'2024-01-01'),('ANTHONY SALIM','ERP',0,0,0,'2024-01-01'),('LIM RAH SALIM','ERP',0,0,0,'2024-01-01'),('WENDI JOHAN','ERP',23,0.38,3,'2024-01-01'),('ANDIKA SUYITNO','Estimator',144,2.4,15,'2024-01-01'),('ANDREAS THIO MICHAEL','Estimator',13,0.22,2,'2024-01-01'),('DEWI MARIENTA SIAHAAN','Estimator',0,0,0,'2024-01-01'),('MICHAEL SURYA WIJAYA','Estimator',380,6.33,6,'2024-01-01'),('ANISA NANDA REZEQI','Finance & Accounting',0,0,0,'2024-01-01'),('MARCELINA INDARWATI','Finance & Accounting',81,1.35,10,'2024-01-01'),('MONICA SINAGA','Finance & Accounting',6,0.1,1,'2024-01-01'),('NARTIN RASBOENGA','Finance & Accounting',233,3.88,9,'2024-01-01'),('NUR AFIFAH ASIATUL','Finance & Accounting',0,0,0,'2024-01-01'),('NURCHOLIS MASJID','Finance & Accounting',34,0.57,10,'2024-01-01'),('SANAH SEDUBUN','Finance & Accounting',0,0,0,'2024-01-01'),('SRI ULINA SARAGIH','Finance & Accounting',0,0,0,'2024-01-01'),('STEPHEN DERMAWAN','Finance & Accounting',0,0,0,'2024-01-01'),('VERA HARTATY NAINGGOLAN','Finance & Accounting',0,0,0,'2024-01-01'),('WINA DAMAYANI','Finance & Accounting',0,0,0,'2024-01-01'),('YOSEFIN MEYLISTA CHRISTIANTI B','Finance & Accounting',0,0,0,'2024-01-01'),('ANANDA YOGA PRASETYO','GTI',0,0,0,'2024-01-01'),('YEN YEN','GTI',191,3.18,4,'2024-01-01'),('HERI','GTI',0,0,0,'2024-01-01'),('IKHSAN FAZAR HENDIANSYAH','GTI',42,0.7,6,'2024-01-01'),('ADI KURNIAWAN','Logistik',90,1.5,4,'2024-01-01'),('ARIF NURACHMAN','Logistik',25,0.42,5,'2024-01-01'),('DWI IRYANTI','Logistik',0,0,0,'2024-01-01'),('FEBRIANSYAH','Logistik',136,2.27,10,'2024-01-01'),('MUHAMMAD RUSLAN NASRULLAH','Logistik',80,1.33,11,'2024-01-01'),('RESTU CHAIRIL FAHMI','Logistik',2,0.03,1,'2024-01-01'),('SUPRIYANTO','Logistik',26,0.43,4,'2024-01-01'),('APRIYANTO','MEP',343,5.72,14,'2024-01-01'),('CATUR CAHYONO','MEP',0,0,0,'2024-01-01'),('DIAN ARYANI','MEP',0,0,0,'2024-01-01'),('DONNY DWIYANTO','MEP',0,0,0,'2024-01-01'),('GAZALI','MEP',99,1.65,7,'2024-01-01'),('HENDRI','MEP',0,0,0,'2024-01-01'),('LIANG MUNANDAR','MEP',0,0,0,'2024-01-01'),('LIDYA JEFRI','MEP',107,1.78,6,'2024-01-01'),('MARSIDI','MEP',0,0,0,'2024-01-01'),('MOCHAMMAD SALEH','MEP',88,1.47,1,'2024-01-01'),('MOHHAMMAD SYAHRUL KURNIA','MEP',26,0.43,8,'2024-01-01'),('MUTYA SILVIA','MEP',4,0.07,1,'2024-01-01'),('NURIL AYU ANIWINDIRA','MEP',0,0,0,'2024-01-01'),('OKTAVIANUS AMBULENGO','MEP',13,0.22,1,'2024-01-01'),('PALMEIDA DESRENNY HARAHAP','MEP',0,0,0,'2024-01-01'),('PUTRI RISTI INDRIYANI','MEP',32,0.53,6,'2024-01-01'),('SELAMET SUSILO','MEP',0,0,0,'2024-01-01'),('SULAIMAN','MEP',9,0.15,1,'2024-01-01'),('TARSUN ARAFAN MULYA','MEP',47,0.78,5,'2024-01-01'),('TEGUH KODARMAN','MEP',0,0,0,'2024-01-01'),('VERA NOVERA','MEP',50,0.83,6,'2024-01-01'),('YUGO ADI SASONO','MEP',0,0,0,'2024-01-01'),('ACHMAD YUSUF SAPUTRA','Operation',0,0,0,'2024-01-01'),('ALLANDA','Operation',66,1.1,11,'2024-01-01'),('DEDE JUBAEDAH','Operation',0,0,0,'2024-01-01'),('DENDY ROZANO WIDIYANTO','Operation',20,0.33,3,'2024-01-01'),('DESY FRANSISCA','Operation',0,0,0,'2024-01-01'),('DIMAS WILDANI AL IRHAS','Operation',0,0,0,'2024-01-01'),('DON SEBASTIAN IGNATIUS SIAGIAN','Operation',21,0.35,4,'2024-01-01'),('EULIS KUSMIATI','Operation',9,0.15,2,'2024-01-01'),('IKA RESTIANA','Operation',34,0.57,11,'2024-01-01'),('JONI','Operation',0,0,0,'2024-01-01'),('KALTIKA FITRI','Operation',0,0,0,'2024-01-01'),('LULU AWALIYAH','Operation',26,0.43,3,'2024-01-01'),('M EKO AL BADRUN','Operation',42,0.7,5,'2024-01-01'),('MARTA MULJADI','Operation',0,0,0,'2024-01-01'),('NOVERLY SANDRO GOMES','Operation',35,0.58,6,'2024-01-01'),('PARTO','Operation',0,0,0,'2024-01-01'),('RANDI SEPTIANA','Operation',73,1.22,1,'2024-01-01'),('RENDI MARDIANSAH','Operation',0,0,0,'2024-01-01'),('SUJILAN','Operation',0,0,0,'2024-01-01'),('TEDDY SETIAWAN ZUNAEDI','Operation',32,0.53,7,'2024-01-01'),('WANTONO','Operation',0,0,0,'2024-01-01'),('YUNANDI YASMIN','Operation',0,0,0,'2024-01-01'),('PUTRI AISYATI INRUM','PCS',0,0,0,'2024-01-01'),('AGUS SETIAWAN','PPJM',16,0.27,1,'2024-01-01'),('ANISA CHELSEA ISLAMI','PPJM',0,0,0,'2024-01-01'),('ASEP MAULANA','PPJM',89,1.48,5,'2024-01-01'),('HARYADI','PPJM',23,0.38,1,'2024-01-01'),('MADI','PPJM',49,0.82,3,'2024-01-01'),('NONI KOMARIAH SARI','PPJM',18,0.3,5,'2024-01-01'),('NUR WIWID ADHI LAXMANA','PPJM',44,0.73,2,'2024-01-01'),('RIBKA NOVIANA ANGELINE','PPJM',299,4.98,9,'2024-01-01'),('ROBI AJID','PPJM',265,4.42,8,'2024-01-01'),('SIGIT','PPJM',52,0.87,2,'2024-01-01'),('URIP BUDIYANTO','PPJM',0,0,0,'2024-01-01'),('YAYA KUSWAYA','PPJM',0,0,0,'2024-01-01'),('ARIES PURNOMO','Purchasing',0,0,0,'2024-01-01'),('INDRA CHRIST DESWIRA SARAGIH','Purchasing',17,0.28,3,'2024-01-01'),('MESRAWATI HIA','Purchasing',0,0,0,'2024-01-01'),('WAHYUNI','Purchasing',27,0.45,1,'2024-01-01'),('WINDA NATALISA','Purchasing',188,3.13,6,'2024-01-01'),('YESSE PUTRI DEBITHA','Purchasing',30,0.5,2,'2024-01-01'),('ABDUL ROHMAN','RPE',14,0.23,2,'2024-01-01'),('ABU DZAR AL GHIFARI','RPE',122,2.03,7,'2024-01-01'),('ASHMIEZAR ADHAM','RPE',262,4.37,19,'2024-01-01'),('NIKEN WAHYUNING CANDRA','RPE',43,0.72,7,'2024-01-01'),('OSLAN SYAHRIL','RPE',234,3.9,4,'2024-01-01'),('PUJI MULATO','RPE',302,5.03,13,'2024-01-01'),('Y RUDI RUMAKSONO','RPE',0,0,0,'2024-01-01'),('BAYU AJI PRABOWO','Sales',180,3,6,'2024-01-01'),('DEWI PUSPITASARI','Sales',67,1.12,4,'2024-01-01'),('FAUZIAH FITRI','Sales',181,3.02,13,'2024-01-01'),('MEIDHITA SUSANDI','Sales',0,0,0,'2024-01-01'),('MOCHTAR JAPAR','Sales',0,0,0,'2024-01-01'),('RONALD YANSEN KOMANSILAN','Sales',218,3.63,9,'2024-01-01'),('SAHAB MARAJIBAL','Sales',60,1,3,'2024-01-01'),('WINSTON WIHARTO SUMA','Sales',559,9.32,9,'2024-01-01'),('EMMANUEL HAMONANGAN SIBARANI','Teknisi Service',223,3.72,11,'2024-01-01'),('ICVAN FAJAR SETIAWAN','Teknisi Service',0,0,0,'2024-01-01'),('INTAN DWI FATWA','Teknisi Service',0,0,0,'2024-01-01'),('M SYAIFUL BAHRI','Teknisi Service',0,0,0,'2024-01-01'),('AGUSTINUS DWIANTORO','Teknisi TC',1098,18.3,20,'2024-01-01'),('AKHMAD PRIYANTO','Teknisi TC',0,0,0,'2024-01-01'),('DEKA PRABOWO','Teknisi TC',139,2.32,9,'2024-01-01'),('SULAIN','Teknisi TC',105,1.75,8,'2024-01-01'),('SUYITNO','Teknisi TC',40,0.67,2,'2024-01-01'),('HERU DWI JATMIKO','Tim Bali',0,0,0,'2024-01-01'),('LISDA NURCAHYANI','Tim Bali',1,0.02,1,'2024-01-01'),('ADELINE GENIE NATAN','0',93,1.55,9,'2024-02-01'),('ARIEF ALAMSYAH','0',1,0.02,1,'2024-02-01'),('ARYA BAGUS','0',67,1.12,4,'2024-02-01'),('DAMARIO MIKAIL YUSUF','0',0,0,0,'2024-02-01'),('DAVID CHRISTIAN TAMPUBOLON','0',47,0.78,6,'2024-02-01'),('DIAN WAHYU EKO','0',0,0,0,'2024-02-01'),('EKI RIKMAWAN SUSILO','0',0,0,0,'2024-02-01'),('ERWIN SAPUTRA','0',0,0,0,'2024-02-01'),('FARADILLA SISENA','0',0,0,0,'2024-02-01'),('FLORENCIA DEVI','0',0,0,0,'2024-02-01'),('GERU RAZWIS ALFARUG','0',0,0,0,'2024-02-01'),('HASTARYO','0',0,0,0,'2024-02-01'),('IRWAN SAMUDRA','0',47,0.78,2,'2024-02-01'),('IRWANSYAH','0',0,0,0,'2024-02-01'),('NADILLA RAHMANUL HAKIM','0',0,0,0,'2024-02-01'),('NATALIA ISABELA TUPAMAHU','0',12,0.2,3,'2024-02-01'),('NILAM KHAERUNISA TRISURTI','0',0,0,0,'2024-02-01'),('RAUDATUL HASSANAH','0',16,0.27,2,'2024-02-01'),('SUKUR MUKLASIN','0',0,0,0,'2024-02-01'),('YANA OKTAFIANA','0',0,0,0,'2024-02-01'),('YONATAN SETIAWAN','0',202,3.37,4,'2024-02-01'),('YOSUA NAHEMIA WAROKKA','0',12,0.2,2,'2024-02-01'),('YOVIE IRAWAN','0',209,3.48,15,'2024-02-01'),('AMIN NUR ROHMAN','Admin Sales & Engineer',0,0,0,'2024-02-01'),('CRYSTAL NOVEL LIGAR LESTARI','Admin Sales & Engineer',28,0.47,1,'2024-02-01'),('HANA NURAINI SOFYAN','Admin Sales & Engineer',19,0.32,6,'2024-02-01'),('INDAH LESTARI','Admin Sales & Engineer',73,1.22,8,'2024-02-01'),('NIKI MUNANDAR','Admin Sales & Engineer',7,0.12,3,'2024-02-01'),('NIRWAN EPENDI','Admin Sales & Engineer',4,0.07,1,'2024-02-01'),('SLAMET WIDODO','Admin Sales & Engineer',0,0,0,'2024-02-01'),('SYAVIRA SUCI RAMADHITA','Admin Sales & Engineer',0,0,0,'2024-02-01'),('TIAS STEVANI','Admin Sales & Engineer',0,0,0,'2024-02-01'),('ANTHONY SALIM','ERP',3,0.05,1,'2024-02-01'),('LIM RAH SALIM','ERP',85,1.42,3,'2024-02-01'),('WENDI JOHAN','ERP',20,0.33,6,'2024-02-01'),('ANDIKA SUYITNO','Estimator',224,3.73,16,'2024-02-01'),('ANDREAS THIO MICHAEL','Estimator',79,1.32,5,'2024-02-01'),('DEWI MARIENTA SIAHAAN','Estimator',0,0,0,'2024-02-01'),('MICHAEL SURYA WIJAYA','Estimator',352,5.87,5,'2024-02-01'),('ANISA NANDA REZEQI','Finance & Accounting',0,0,0,'2024-02-01'),('MARCELINA INDARWATI','Finance & Accounting',26,0.43,4,'2024-02-01'),('MONICA SINAGA','Finance & Accounting',0,0,0,'2024-02-01'),('NARTIN RASBOENGA','Finance & Accounting',122,2.03,3,'2024-02-01'),('NUR AFIFAH ASIATUL','Finance & Accounting',0,0,0,'2024-02-01'),('NURCHOLIS MASJID','Finance & Accounting',14,0.23,1,'2024-02-01'),('SANAH SEDUBUN','Finance & Accounting',24,0.4,2,'2024-02-01'),('SRI ULINA SARAGIH','Finance & Accounting',0,0,0,'2024-02-01'),('STEPHEN DERMAWAN','Finance & Accounting',0,0,0,'2024-02-01'),('VERA HARTATY NAINGGOLAN','Finance & Accounting',0,0,0,'2024-02-01'),('WINA DAMAYANI','Finance & Accounting',0,0,0,'2024-02-01'),('YOSEFIN MEYLISTA CHRISTIANTI B','Finance & Accounting',0,0,0,'2024-02-01'),('ANANDA YOGA PRASETYO','GTI',0,0,0,'2024-02-01'),('YEN YEN','GTI',0,0,0,'2024-02-01'),('HERI','GTI',0,0,0,'2024-02-01'),('IKHSAN FAZAR HENDIANSYAH','GTI',49,0.82,5,'2024-02-01'),('ADI KURNIAWAN','Logistik',26,0.43,4,'2024-02-01'),('ARIF NURACHMAN','Logistik',8,0.13,3,'2024-02-01'),('DWI IRYANTI','Logistik',8,0.13,1,'2024-02-01'),('FEBRIANSYAH','Logistik',142,2.37,10,'2024-02-01'),('MUHAMMAD RUSLAN NASRULLAH','Logistik',44,0.73,5,'2024-02-01'),('RESTU CHAIRIL FAHMI','Logistik',3,0.05,1,'2024-02-01'),('SUPRIYANTO','Logistik',9,0.15,1,'2024-02-01'),('APRIYANTO','MEP',151,2.52,11,'2024-02-01'),('CATUR CAHYONO','MEP',3,0.05,1,'2024-02-01'),('DIAN ARYANI','MEP',0,0,0,'2024-02-01'),('DONNY DWIYANTO','MEP',438,7.3,10,'2024-02-01'),('GAZALI','MEP',378,6.3,13,'2024-02-01'),('HENDRI','MEP',110,1.83,9,'2024-02-01'),('LIANG MUNANDAR','MEP',0,0,0,'2024-02-01'),('LIDYA JEFRI','MEP',52,0.87,1,'2024-02-01'),('MARSIDI','MEP',1,0.02,1,'2024-02-01'),('MOCHAMMAD SALEH','MEP',0,0,0,'2024-02-01'),('MOHHAMMAD SYAHRUL KURNIA','MEP',0,0,0,'2024-02-01'),('MUTYA SILVIA','MEP',6,0.1,1,'2024-02-01'),('NURIL AYU ANIWINDIRA','MEP',0,0,0,'2024-02-01'),('OKTAVIANUS AMBULENGO','MEP',15,0.25,1,'2024-02-01'),('PALMEIDA DESRENNY HARAHAP','MEP',0,0,0,'2024-02-01'),('PUTRI RISTI INDRIYANI','MEP',17,0.28,5,'2024-02-01'),('SELAMET SUSILO','MEP',39,0.65,2,'2024-02-01'),('SULAIMAN','MEP',4,0.07,2,'2024-02-01'),('TARSUN ARAFAN MULYA','MEP',39,0.65,4,'2024-02-01'),('TEGUH KODARMAN','MEP',0,0,0,'2024-02-01'),('VERA NOVERA','MEP',217,3.62,9,'2024-02-01'),('YUGO ADI SASONO','MEP',3,0.05,1,'2024-02-01'),('ACHMAD YUSUF SAPUTRA','Operation',0,0,0,'2024-02-01'),('ALLANDA','Operation',48,0.8,7,'2024-02-01'),('DEDE JUBAEDAH','Operation',0,0,0,'2024-02-01'),('DENDY ROZANO WIDIYANTO','Operation',78,1.3,7,'2024-02-01'),('DESY FRANSISCA','Operation',6,0.1,2,'2024-02-01'),('DIMAS WILDANI AL IRHAS','Operation',0,0,0,'2024-02-01'),('DON SEBASTIAN IGNATIUS SIAGIAN','Operation',19,0.32,3,'2024-02-01'),('EULIS KUSMIATI','Operation',0,0,0,'2024-02-01'),('IKA RESTIANA','Operation',62,1.03,10,'2024-02-01'),('JONI','Operation',2,0.03,1,'2024-02-01'),('KALTIKA FITRI','Operation',0,0,0,'2024-02-01'),('LULU AWALIYAH','Operation',0,0,0,'2024-02-01'),('M EKO AL BADRUN','Operation',29,0.48,2,'2024-02-01'),('MARTA MULJADI','Operation',0,0,0,'2024-02-01'),('NOVERLY SANDRO GOMES','Operation',53,0.88,7,'2024-02-01'),('PARTO','Operation',0,0,0,'2024-02-01'),('RANDI SEPTIANA','Operation',6,0.1,1,'2024-02-01'),('RENDI MARDIANSAH','Operation',0,0,0,'2024-02-01'),('SUJILAN','Operation',0,0,0,'2024-02-01'),('TEDDY SETIAWAN ZUNAEDI','Operation',19,0.32,3,'2024-02-01'),('WANTONO','Operation',0,0,0,'2024-02-01'),('YUNANDI YASMIN','Operation',0,0,0,'2024-02-01'),('PUTRI AISYATI INRUM','PCS',0,0,0,'2024-02-01'),('AGUS SETIAWAN','PPJM',8,0.13,2,'2024-02-01'),('ANISA CHELSEA ISLAMI','PPJM',0,0,0,'2024-02-01'),('ASEP MAULANA','PPJM',157,2.62,6,'2024-02-01'),('HARYADI','PPJM',0,0,0,'2024-02-01'),('MADI','PPJM',0,0,0,'2024-02-01'),('NONI KOMARIAH SARI','PPJM',0,0,0,'2024-02-01'),('NUR WIWID ADHI LAXMANA','PPJM',0,0,0,'2024-02-01'),('RIBKA NOVIANA ANGELINE','PPJM',286,4.77,12,'2024-02-01'),('ROBI AJID','PPJM',355,5.92,6,'2024-02-01'),('SIGIT','PPJM',0,0,0,'2024-02-01'),('URIP BUDIYANTO','PPJM',0,0,0,'2024-02-01'),('YAYA KUSWAYA','PPJM',229,3.82,5,'2024-02-01'),('ARIES PURNOMO','Purchasing',0,0,0,'2024-02-01'),('INDRA CHRIST DESWIRA SARAGIH','Purchasing',26,0.43,4,'2024-02-01'),('MESRAWATI HIA','Purchasing',0,0,0,'2024-02-01'),('WAHYUNI','Purchasing',1,0.02,1,'2024-02-01'),('WINDA NATALISA','Purchasing',108,1.8,8,'2024-02-01'),('YESSE PUTRI DEBITHA','Purchasing',70,1.17,5,'2024-02-01'),('ABDUL ROHMAN','RPE',7,0.12,1,'2024-02-01'),('ABU DZAR AL GHIFARI','RPE',250,4.17,14,'2024-02-01'),('ASHMIEZAR ADHAM','RPE',172,2.87,13,'2024-02-01'),('NIKEN WAHYUNING CANDRA','RPE',95,1.58,5,'2024-02-01'),('OSLAN SYAHRIL','RPE',25,0.42,3,'2024-02-01'),('PUJI MULATO','RPE',321,5.35,15,'2024-02-01'),('Y RUDI RUMAKSONO','RPE',0,0,0,'2024-02-01'),('BAYU AJI PRABOWO','Sales',145,2.42,7,'2024-02-01'),('DEWI PUSPITASARI','Sales',69,1.15,6,'2024-02-01'),('FAUZIAH FITRI','Sales',106,1.77,7,'2024-02-01'),('MEIDHITA SUSANDI','Sales',8,0.13,1,'2024-02-01'),('MOCHTAR JAPAR','Sales',0,0,0,'2024-02-01'),('RONALD YANSEN KOMANSILAN','Sales',228,3.8,11,'2024-02-01'),('SAHAB MARAJIBAL','Sales',200,3.33,11,'2024-02-01'),('WINSTON WIHARTO SUMA','Sales',112,1.87,4,'2024-02-01'),('EMMANUEL HAMONANGAN SIBARANI','Teknisi Service',164,2.73,9,'2024-02-01'),('ICVAN FAJAR SETIAWAN','Teknisi Service',0,0,0,'2024-02-01'),('INTAN DWI FATWA','Teknisi Service',23,0.38,1,'2024-02-01'),('M SYAIFUL BAHRI','Teknisi Service',0,0,0,'2024-02-01'),('AGUSTINUS DWIANTORO','Teknisi TC',240,4,11,'2024-02-01'),('AKHMAD PRIYANTO','Teknisi TC',2,0.03,1,'2024-02-01'),('DEKA PRABOWO','Teknisi TC',171,2.85,14,'2024-02-01'),('SULAIN','Teknisi TC',183,3.05,9,'2024-02-01'),('SUYITNO','Teknisi TC',82,1.37,8,'2024-02-01'),('HERU DWI JATMIKO','Tim Bali',0,0,0,'2024-02-01'),('LISDA NURCAHYANI','Tim Bali',0,0,0,'2024-02-01'),('ADELINE GENIE NATAN','0',74,1.23333,8,'2024-03-01'),('ARIEF ALAMSYAH','0',0,0,0,'2024-03-01'),('ARYA BAGUS','0',0,0,0,'2024-03-01'),('DAMARIO MIKAIL YUSUF','0',0,0,0,'2024-03-01'),('DAVID CHRISTIAN TAMPUBOLON','0',111,1.85,11,'2024-03-01'),('DIAN WAHYU EKO','0',0,0,0,'2024-03-01'),('EKI RIKMAWAN SUSILO','0',0,0,0,'2024-03-01'),('ERWIN SAPUTRA','0',0,0,0,'2024-03-01'),('FARADILLA SISENA','0',0,0,0,'2024-03-01'),('FLORENCIA DEVI','0',0,0,0,'2024-03-01'),('GERU RAZWIS ALFARUG','0',0,0,0,'2024-03-01'),('HASTARYO','0',0,0,0,'2024-03-01'),('IRWAN SAMUDRA','0',161,2.68333,9,'2024-03-01'),('IRWANSYAH','0',0,0,0,'2024-03-01'),('NADILLA RAHMANUL HAKIM','0',0,0,0,'2024-03-01'),('NATALIA ISABELA TUPAMAHU','0',44,0.733333,4,'2024-03-01'),('NILAM KHAERUNISA TRISURTI','0',0,0,0,'2024-03-01'),('RAUDATUL HASSANAH','0',0,0,0,'2024-03-01'),('SUKUR MUKLASIN','0',0,0,0,'2024-03-01'),('YANA OKTAFIANA','0',0,0,0,'2024-03-01'),('YONATAN SETIAWAN','0',91,1.51667,3,'2024-03-01'),('YOSUA NAHEMIA WAROKKA','0',0,0,0,'2024-03-01'),('YOVIE IRAWAN','0',202,3.36667,11,'2024-03-01'),('AMIN NUR ROHMAN','Admin Sales & Engineer',0,0,0,'2024-03-01'),('CRYSTAL NOVEL LIGAR LESTARI','Admin Sales & Engineer',45,0.75,1,'2024-03-01'),('HANA NURAINI SOFYAN','Admin Sales & Engineer',7,0.116667,3,'2024-03-01'),('INDAH LESTARI','Admin Sales & Engineer',296,4.93333,12,'2024-03-01'),('NIKI MUNANDAR','Admin Sales & Engineer',66,1.1,7,'2024-03-01'),('NIRWAN EPENDI','Admin Sales & Engineer',7,0.116667,1,'2024-03-01'),('SLAMET WIDODO','Admin Sales & Engineer',0,0,0,'2024-03-01'),('SYAVIRA SUCI RAMADHITA','Admin Sales & Engineer',0,0,0,'2024-03-01'),('TIAS STEVANI','Admin Sales & Engineer',0,0,0,'2024-03-01'),('ANTHONY SALIM','ERP',0,0,0,'2024-03-01'),('LIM RAH SALIM','ERP',83,1.38333,8,'2024-03-01'),('WENDI JOHAN','ERP',124,2.06667,10,'2024-03-01'),('ANDIKA SUYITNO','Estimator',384,6.4,18,'2024-03-01'),('ANDREAS THIO MICHAEL','Estimator',114,1.9,7,'2024-03-01'),('DEWI MARIENTA SIAHAAN','Estimator',0,0,0,'2024-03-01'),('MICHAEL SURYA WIJAYA','Estimator',447,7.45,9,'2024-03-01'),('ANISA NANDA REZEQI','Finance & Accounting',0,0,0,'2024-03-01'),('MARCELINA INDARWATI','Finance & Accounting',20,0.333333,6,'2024-03-01'),('MONICA SINAGA','Finance & Accounting',11,0.183333,3,'2024-03-01'),('NARTIN RASBOENGA','Finance & Accounting',431,7.18333,10,'2024-03-01'),('NUR AFIFAH ASIATUL','Finance & Accounting',0,0,0,'2024-03-01'),('NURCHOLIS MASJID','Finance & Accounting',19,0.316667,7,'2024-03-01'),('SANAH SEDUBUN','Finance & Accounting',80,1.33333,9,'2024-03-01'),('SRI ULINA SARAGIH','Finance & Accounting',0,0,0,'2024-03-01'),('STEPHEN DERMAWAN','Finance & Accounting',0,0,0,'2024-03-01'),('VERA HARTATY NAINGGOLAN','Finance & Accounting',0,0,0,'2024-03-01'),('WINA DAMAYANI','Finance & Accounting',0,0,0,'2024-03-01'),('YOSEFIN MEYLISTA CHRISTIANTI B','Finance & Accounting',0,0,0,'2024-03-01'),('ANANDA YOGA PRASETYO','GTI',19,0.316667,1,'2024-03-01'),('YEN YEN','GTI',48,0.8,1,'2024-03-01'),('HERI','GTI',0,0,0,'2024-03-01'),('IKHSAN FAZAR HENDIANSYAH','GTI',74,1.23333,7,'2024-03-01'),('ADI KURNIAWAN','Logistik',7,0.116667,3,'2024-03-01'),('ARIF NURACHMAN','Logistik',61,1.01667,6,'2024-03-01'),('DWI IRYANTI','Logistik',0,0,0,'2024-03-01'),('FEBRIANSYAH','Logistik',340,5.66667,14,'2024-03-01'),('MUHAMMAD RUSLAN NASRULLAH','Logistik',194,3.23333,14,'2024-03-01'),('RESTU CHAIRIL FAHMI','Logistik',13,0.216667,1,'2024-03-01'),('SUPRIYANTO','Logistik',129,2.15,4,'2024-03-01'),('APRIYANTO','MEP',263,4.38333,12,'2024-03-01'),('CATUR CAHYONO','MEP',9,0.15,1,'2024-03-01'),('DIAN ARYANI','MEP',0,0,0,'2024-03-01'),('DONNY DWIYANTO','MEP',321,5.35,11,'2024-03-01'),('GAZALI','MEP',70,1.16667,7,'2024-03-01'),('HENDRI','MEP',78,1.3,2,'2024-03-01'),('LIANG MUNANDAR','MEP',0,0,0,'2024-03-01'),('LIDYA JEFRI','MEP',81,1.35,4,'2024-03-01'),('MARSIDI','MEP',0,0,0,'2024-03-01'),('MOCHAMMAD SALEH','MEP',23,0.383333,2,'2024-03-01'),('MOHHAMMAD SYAHRUL KURNIA','MEP',0,0,0,'2024-03-01'),('MUTYA SILVIA','MEP',8,0.133333,1,'2024-03-01'),('NURIL AYU ANIWINDIRA','MEP',0,0,0,'2024-03-01'),('OKTAVIANUS AMBULENGO','MEP',14,0.233333,1,'2024-03-01'),('PALMEIDA DESRENNY HARAHAP','MEP',20,0.333333,4,'2024-03-01'),('PUTRI RISTI INDRIYANI','MEP',81,1.35,6,'2024-03-01'),('SELAMET SUSILO','MEP',162,2.7,4,'2024-03-01'),('SULAIMAN','MEP',0,0,0,'2024-03-01'),('TARSUN ARAFAN MULYA','MEP',1,0.0166667,1,'2024-03-01'),('TEGUH KODARMAN','MEP',12,0.2,2,'2024-03-01'),('VERA NOVERA','MEP',96,1.6,5,'2024-03-01'),('YUGO ADI SASONO','MEP',2,0.0333333,1,'2024-03-01'),('ACHMAD YUSUF SAPUTRA','Operation',4,0.0666667,1,'2024-03-01'),('ALLANDA','Operation',203,3.38333,13,'2024-03-01'),('DEDE JUBAEDAH','Operation',0,0,0,'2024-03-01'),('DENDY ROZANO WIDIYANTO','Operation',71,1.18333,8,'2024-03-01'),('DESY FRANSISCA','Operation',3,0.05,1,'2024-03-01'),('DIMAS WILDANI AL IRHAS','Operation',35,0.583333,5,'2024-03-01'),('DON SEBASTIAN IGNATIUS SIAGIAN','Operation',19,0.316667,4,'2024-03-01'),('EULIS KUSMIATI','Operation',8,0.133333,1,'2024-03-01'),('IKA RESTIANA','Operation',43,0.716667,6,'2024-03-01'),('JONI','Operation',8,0.133333,3,'2024-03-01'),('KALTIKA FITRI','Operation',0,0,0,'2024-03-01'),('LULU AWALIYAH','Operation',32,0.533333,4,'2024-03-01'),('M EKO AL BADRUN','Operation',0,0,0,'2024-03-01'),('MARTA MULJADI','Operation',0,0,0,'2024-03-01'),('NOVERLY SANDRO GOMES','Operation',48,0.8,5,'2024-03-01'),('PARTO','Operation',0,0,0,'2024-03-01'),('RANDI SEPTIANA','Operation',0,0,0,'2024-03-01'),('RENDI MARDIANSAH','Operation',40,0.666667,3,'2024-03-01'),('SUJILAN','Operation',0,0,0,'2024-03-01'),('TEDDY SETIAWAN ZUNAEDI','Operation',55,0.916667,5,'2024-03-01'),('WANTONO','Operation',106,1.76667,4,'2024-03-01'),('YUNANDI YASMIN','Operation',0,0,0,'2024-03-01'),('PUTRI AISYATI INRUM','PCS',0,0,0,'2024-03-01'),('AGUS SETIAWAN','PPJM',65,1.08333,5,'2024-03-01'),('ANISA CHELSEA ISLAMI','PPJM',0,0,0,'2024-03-01'),('ASEP MAULANA','PPJM',82,1.36667,5,'2024-03-01'),('HARYADI','PPJM',0,0,0,'2024-03-01'),('MADI','PPJM',72,1.2,9,'2024-03-01'),('NONI KOMARIAH SARI','PPJM',0,0,0,'2024-03-01'),('NUR WIWID ADHI LAXMANA','PPJM',15,0.25,3,'2024-03-01'),('RIBKA NOVIANA ANGELINE','PPJM',335,5.58333,14,'2024-03-01'),('ROBI AJID','PPJM',352,5.86667,8,'2024-03-01'),('SIGIT','PPJM',0,0,0,'2024-03-01'),('URIP BUDIYANTO','PPJM',0,0,0,'2024-03-01'),('YAYA KUSWAYA','PPJM',179,2.98333,5,'2024-03-01'),('ARIES PURNOMO','Purchasing',0,0,0,'2024-03-01'),('INDRA CHRIST DESWIRA SARAGIH','Purchasing',46,0.766667,4,'2024-03-01'),('MESRAWATI HIA','Purchasing',12,0.2,3,'2024-03-01'),('WAHYUNI','Purchasing',34,0.566667,5,'2024-03-01'),('WINDA NATALISA','Purchasing',137,2.28333,8,'2024-03-01'),('YESSE PUTRI DEBITHA','Purchasing',360,6,14,'2024-03-01'),('ABDUL ROHMAN','RPE',15,0.25,2,'2024-03-01'),('ABU DZAR AL GHIFARI','RPE',384,6.4,18,'2024-03-01'),('ASHMIEZAR ADHAM','RPE',187,3.11667,14,'2024-03-01'),('NIKEN WAHYUNING CANDRA','RPE',17,0.283333,4,'2024-03-01'),('OSLAN SYAHRIL','RPE',33,0.55,5,'2024-03-01'),('PUJI MULATO','RPE',224,3.73333,11,'2024-03-01'),('Y RUDI RUMAKSONO','RPE',0,0,0,'2024-03-01'),('BAYU AJI PRABOWO','Sales',255,4.25,8,'2024-03-01'),('DEWI PUSPITASARI','Sales',212,3.53333,11,'2024-03-01'),('FAUZIAH FITRI','Sales',179,2.98333,11,'2024-03-01'),('MEIDHITA SUSANDI','Sales',14,0.233333,3,'2024-03-01'),('MOCHTAR JAPAR','Sales',0,0,0,'2024-03-01'),('RONALD YANSEN KOMANSILAN','Sales',376,6.26667,14,'2024-03-01'),('SAHAB MARAJIBAL','Sales',0,0,0,'2024-03-01'),('WINSTON WIHARTO SUMA','Sales',196,3.26667,6,'2024-03-01'),('EMMANUEL HAMONANGAN SIBARANI','Teknisi Service',169,2.81667,8,'2024-03-01'),('ICVAN FAJAR SETIAWAN','Teknisi Service',9,0.15,2,'2024-03-01'),('INTAN DWI FATWA','Teknisi Service',7,0.116667,1,'2024-03-01'),('M SYAIFUL BAHRI','Teknisi Service',10,0.166667,3,'2024-03-01'),('AGUSTINUS DWIANTORO','Teknisi TC',157,2.61667,6,'2024-03-01'),('AKHMAD PRIYANTO','Teknisi TC',9,0.15,2,'2024-03-01'),('DEKA PRABOWO','Teknisi TC',70,1.16667,7,'2024-03-01'),('SULAIN','Teknisi TC',78,1.3,5,'2024-03-01'),('SUYITNO','Teknisi TC',42,0.7,7,'2024-03-01'),('HERU DWI JATMIKO','Tim Bali',0,0,0,'2024-03-01'),('LISDA NURCAHYANI','Tim Bali',0,0,0,'2024-03-01'),('ADELINE GENIE NATAN','0',100,1.67,13,'2024-04-01'),('ARIEF ALAMSYAH','0',0,0,0,'2024-04-01'),('ARYA BAGUS','0',0,0,0,'2024-04-01'),('DAMARIO MIKAIL YUSUF','0',0,0,0,'2024-04-01'),('DAVID CHRISTIAN TAMPUBOLON','0',80,1.33,7,'2024-04-01'),('DIAN WAHYU EKO','0',0,0,0,'2024-04-01'),('EKI RIKMAWAN SUSILO','0',0,0,0,'2024-04-01'),('ERWIN SAPUTRA','0',4,0.07,1,'2024-04-01'),('FARADILLA SISENA','0',0,0,0,'2024-04-01'),('FLORENCIA DEVI','0',0,0,0,'2024-04-01'),('GERU RAZWIS ALFARUG','0',0,0,0,'2024-04-01'),('HASTARYO','0',0,0,0,'2024-04-01'),('IRWAN SAMUDRA','0',274,4.57,8,'2024-04-01'),('IRWANSYAH','0',0,0,0,'2024-04-01'),('NADILLA RAHMANUL HAKIM','0',0,0,0,'2024-04-01'),('NATALIA ISABELA TUPAMAHU','0',27,0.45,4,'2024-04-01'),('NILAM KHAERUNISA TRISURTI','0',0,0,0,'2024-04-01'),('RAUDATUL HASSANAH','0',0,0,0,'2024-04-01'),('SUKUR MUKLASIN','0',0,0,0,'2024-04-01'),('YANA OKTAFIANA','0',0,0,0,'2024-04-01'),('YONATAN SETIAWAN','0',6,0.1,1,'2024-04-01'),('YOSUA NAHEMIA WAROKKA','0',0,0,0,'2024-04-01'),('YOVIE IRAWAN','0',131,2.18,9,'2024-04-01'),('AMIN NUR ROHMAN','Admin Sales & Engineer',39,0.65,2,'2024-04-01'),('CRYSTAL NOVEL LIGAR LESTARI','Admin Sales & Engineer',0,0,0,'2024-04-01'),('HANA NURAINI SOFYAN','Admin Sales & Engineer',297,4.95,1,'2024-04-01'),('INDAH LESTARI','Admin Sales & Engineer',91,1.52,3,'2024-04-01'),('NIKI MUNANDAR','Admin Sales & Engineer',140,2.33,5,'2024-04-01'),('NIRWAN EPENDI','Admin Sales & Engineer',7,0.12,1,'2024-04-01'),('SLAMET WIDODO','Admin Sales & Engineer',0,0,0,'2024-04-01'),('SYAVIRA SUCI RAMADHITA','Admin Sales & Engineer',0,0,0,'2024-04-01'),('TIAS STEVANI','Admin Sales & Engineer',0,0,0,'2024-04-01'),('ANTHONY SALIM','ERP',0,0,0,'2024-04-01'),('LIM RAH SALIM','ERP',36,0.6,7,'2024-04-01'),('WENDI JOHAN','ERP',5,0.08,2,'2024-04-01'),('ANDIKA SUYITNO','Estimator',89,1.48,8,'2024-04-01'),('ANDREAS THIO MICHAEL','Estimator',7,0.12,1,'2024-04-01'),('DEWI MARIENTA SIAHAAN','Estimator',0,0,0,'2024-04-01'),('MICHAEL SURYA WIJAYA','Estimator',313,5.22,5,'2024-04-01'),('ANISA NANDA REZEQI','Finance & Accounting',0,0,0,'2024-04-01'),('MARCELINA INDARWATI','Finance & Accounting',0,0,0,'2024-04-01'),('MONICA SINAGA','Finance & Accounting',0,0,0,'2024-04-01'),('NARTIN RASBOENGA','Finance & Accounting',204,3.4,5,'2024-04-01'),('NUR AFIFAH ASIATUL','Finance & Accounting',0,0,0,'2024-04-01'),('NURCHOLIS MASJID','Finance & Accounting',0,0,0,'2024-04-01'),('SANAH SEDUBUN','Finance & Accounting',18,0.3,3,'2024-04-01'),('SRI ULINA SARAGIH','Finance & Accounting',0,0,0,'2024-04-01'),('STEPHEN DERMAWAN','Finance & Accounting',0,0,0,'2024-04-01'),('VERA HARTATY NAINGGOLAN','Finance & Accounting',1,0.02,1,'2024-04-01'),('WINA DAMAYANI','Finance & Accounting',2,0.03,1,'2024-04-01'),('YOSEFIN MEYLISTA CHRISTIANTI B','Finance & Accounting',25,0.42,2,'2024-04-01'),('ANANDA YOGA PRASETYO','GTI',0,0,0,'2024-04-01'),('YEN YEN','GTI',32,0.53,1,'2024-04-01'),('HERI','GTI',0,0,0,'2024-04-01'),('IKHSAN FAZAR HENDIANSYAH','GTI',28,0.47,4,'2024-04-01'),('ADI KURNIAWAN','Logistik',39,0.65,3,'2024-04-01'),('ARIF NURACHMAN','Logistik',100,1.67,5,'2024-04-01'),('DWI IRYANTI','Logistik',1,0.02,1,'2024-04-01'),('FEBRIANSYAH','Logistik',82,1.37,3,'2024-04-01'),('MUHAMMAD RUSLAN NASRULLAH','Logistik',198,3.3,9,'2024-04-01'),('RESTU CHAIRIL FAHMI','Logistik',0,0,0,'2024-04-01'),('SUPRIYANTO','Logistik',0,0,0,'2024-04-01'),('APRIYANTO','MEP',258,4.3,11,'2024-04-01'),('CATUR CAHYONO','MEP',261,4.35,1,'2024-04-01'),('DIAN ARYANI','MEP',2,0.03,1,'2024-04-01'),('DONNY DWIYANTO','MEP',0,0,0,'2024-04-01'),('GAZALI','MEP',374,6.23,3,'2024-04-01'),('HENDRI','MEP',4,0.07,1,'2024-04-01'),('LIANG MUNANDAR','MEP',0,0,0,'2024-04-01'),('LIDYA JEFRI','MEP',22,0.37,1,'2024-04-01'),('MARSIDI','MEP',0,0,0,'2024-04-01'),('MOCHAMMAD SALEH','MEP',0,0,0,'2024-04-01'),('MOHHAMMAD SYAHRUL KURNIA','MEP',0,0,0,'2024-04-01'),('MUTYA SILVIA','MEP',22,0.37,3,'2024-04-01'),('NURIL AYU ANIWINDIRA','MEP',0,0,0,'2024-04-01'),('OKTAVIANUS AMBULENGO','MEP',5,0.08,1,'2024-04-01'),('PALMEIDA DESRENNY HARAHAP','MEP',65,1.08,3,'2024-04-01'),('PUTRI RISTI INDRIYANI','MEP',93,1.55,6,'2024-04-01'),('SELAMET SUSILO','MEP',0,0,0,'2024-04-01'),('SULAIMAN','MEP',0,0,0,'2024-04-01'),('TARSUN ARAFAN MULYA','MEP',75,1.25,4,'2024-04-01'),('TEGUH KODARMAN','MEP',0,0,0,'2024-04-01'),('VERA NOVERA','MEP',10,0.17,2,'2024-04-01'),('YUGO ADI SASONO','MEP',0,0,0,'2024-04-01'),('ACHMAD YUSUF SAPUTRA','Operation',14,0.23,1,'2024-04-01'),('ALLANDA','Operation',33,0.55,4,'2024-04-01'),('DEDE JUBAEDAH','Operation',0,0,0,'2024-04-01'),('DENDY ROZANO WIDIYANTO','Operation',61,1.02,5,'2024-04-01'),('DESY FRANSISCA','Operation',0,0,0,'2024-04-01'),('DIMAS WILDANI AL IRHAS','Operation',8,0.13,1,'2024-04-01'),('DON SEBASTIAN IGNATIUS SIAGIAN','Operation',10,0.17,2,'2024-04-01'),('EULIS KUSMIATI','Operation',0,0,0,'2024-04-01'),('IKA RESTIANA','Operation',8,0.13,1,'2024-04-01'),('JONI','Operation',0,0,0,'2024-04-01'),('KALTIKA FITRI','Operation',0,0,0,'2024-04-01'),('LULU AWALIYAH','Operation',0,0,0,'2024-04-01'),('M EKO AL BADRUN','Operation',4,0.07,1,'2024-04-01'),('MARTA MULJADI','Operation',0,0,0,'2024-04-01'),('NOVERLY SANDRO GOMES','Operation',29,0.48,3,'2024-04-01'),('PARTO','Operation',0,0,0,'2024-04-01'),('RANDI SEPTIANA','Operation',0,0,0,'2024-04-01'),('RENDI MARDIANSAH','Operation',0,0,0,'2024-04-01'),('SUJILAN','Operation',0,0,0,'2024-04-01'),('TEDDY SETIAWAN ZUNAEDI','Operation',36,0.6,5,'2024-04-01'),('WANTONO','Operation',0,0,0,'2024-04-01'),('YUNANDI YASMIN','Operation',0,0,0,'2024-04-01'),('PUTRI AISYATI INRUM','PCS',0,0,0,'2024-04-01'),('AGUS SETIAWAN','PPJM',42,0.7,4,'2024-04-01'),('ANISA CHELSEA ISLAMI','PPJM',0,0,0,'2024-04-01'),('ASEP MAULANA','PPJM',15,0.25,1,'2024-04-01'),('HARYADI','PPJM',0,0,0,'2024-04-01'),('MADI','PPJM',35,0.58,1,'2024-04-01'),('NONI KOMARIAH SARI','PPJM',0,0,0,'2024-04-01'),('NUR WIWID ADHI LAXMANA','PPJM',4,0.07,1,'2024-04-01'),('RIBKA NOVIANA ANGELINE','PPJM',217,3.62,12,'2024-04-01'),('ROBI AJID','PPJM',355,5.92,11,'2024-04-01'),('SIGIT','PPJM',40,0.67,1,'2024-04-01'),('URIP BUDIYANTO','PPJM',0,0,0,'2024-04-01'),('YAYA KUSWAYA','PPJM',29,0.48,4,'2024-04-01'),('ARIES PURNOMO','Purchasing',4,0.07,1,'2024-04-01'),('INDRA CHRIST DESWIRA SARAGIH','Purchasing',14,0.23,3,'2024-04-01'),('MESRAWATI HIA','Purchasing',4,0.07,1,'2024-04-01'),('WAHYUNI','Purchasing',9,0.15,2,'2024-04-01'),('WINDA NATALISA','Purchasing',21,0.35,1,'2024-04-01'),('YESSE PUTRI DEBITHA','Purchasing',105,1.75,7,'2024-04-01'),('ABDUL ROHMAN','RPE',0,0,0,'2024-04-01'),('ABU DZAR AL GHIFARI','RPE',356,5.93,17,'2024-04-01'),('ASHMIEZAR ADHAM','RPE',322,5.37,15,'2024-04-01'),('NIKEN WAHYUNING CANDRA','RPE',12,0.2,4,'2024-04-01'),('OSLAN SYAHRIL','RPE',24,0.4,2,'2024-04-01'),('PUJI MULATO','RPE',255,4.25,15,'2024-04-01'),('Y RUDI RUMAKSONO','RPE',0,0,0,'2024-04-01'),('BAYU AJI PRABOWO','Sales',168,2.8,5,'2024-04-01'),('DEWI PUSPITASARI','Sales',68,1.13,4,'2024-04-01'),('FAUZIAH FITRI','Sales',174,2.9,10,'2024-04-01'),('MEIDHITA SUSANDI','Sales',19,0.32,5,'2024-04-01'),('MOCHTAR JAPAR','Sales',0,0,0,'2024-04-01'),('RONALD YANSEN KOMANSILAN','Sales',333,5.55,10,'2024-04-01'),('SAHAB MARAJIBAL','Sales',447,7.45,11,'2024-04-01'),('WINSTON WIHARTO SUMA','Sales',92,1.53,3,'2024-04-01'),('EMMANUEL HAMONANGAN SIBARANI','Teknisi Service',241,4.02,9,'2024-04-01'),('ICVAN FAJAR SETIAWAN','Teknisi Service',0,0,0,'2024-04-01'),('INTAN DWI FATWA','Teknisi Service',98,1.63,2,'2024-04-01'),('M SYAIFUL BAHRI','Teknisi Service',0,0,0,'2024-04-01'),('AGUSTINUS DWIANTORO','Teknisi TC',48,0.8,5,'2024-04-01'),('AKHMAD PRIYANTO','Teknisi TC',0,0,0,'2024-04-01'),('DEKA PRABOWO','Teknisi TC',56,0.93,5,'2024-04-01'),('SULAIN','Teknisi TC',53,0.88,5,'2024-04-01'),('SUYITNO','Teknisi TC',46,0.77,4,'2024-04-01'),('HERU DWI JATMIKO','Tim Bali',0,0,0,'2024-04-01'),('LISDA NURCAHYANI','Tim Bali',0,0,0,'2024-04-01'),('ADELINE GENIE NATAN','0',109,1.82,14,'2024-05-01'),('ARIEF ALAMSYAH','0',0,0,0,'2024-05-01'),('ARYA BAGUS','0',0,0,0,'2024-05-01'),('DAMARIO MIKAIL YUSUF','0',0,0,0,'2024-05-01'),('DAVID CHRISTIAN TAMPUBOLON','0',129,2.15,10,'2024-05-01'),('DIAN WAHYU EKO','0',0,0,0,'2024-05-01'),('EKI RIKMAWAN SUSILO','0',0,0,0,'2024-05-01'),('ERWIN SAPUTRA','0',0,0,0,'2024-05-01'),('FARADILLA SISENA','0',0,0,0,'2024-05-01'),('FLORENCIA DEVI','0',0,0,0,'2024-05-01'),('GERU RAZWIS ALFARUG','0',0,0,0,'2024-05-01'),('HASTARYO','0',0,0,0,'2024-05-01'),('IMAN PUJITRIANTO','0',0,0,0,'2024-05-01'),('IRWAN SAMUDRA','0',0,0,0,'2024-05-01'),('IRWANSYAH','0',0,0,0,'2024-05-01'),('NADILLA RAHMANUL HAKIM','0',0,0,0,'2024-05-01'),('NATALIA ISABELA TUPAMAHU','0',0,0,0,'2024-05-01'),('NILAM KHAERUNISA TRISURTI','0',0,0,0,'2024-05-01'),('RAUDATUL HASSANAH','0',20,0.33,2,'2024-05-01'),('SUKUR MUKLASIN','0',0,0,0,'2024-05-01'),('YANA OKTAFIANA','0',0,0,0,'2024-05-01'),('YONATAN SETIAWAN','0',0,0,0,'2024-05-01'),('YOSUA NAHEMIA WAROKKA','0',0,0,0,'2024-05-01'),('YOVIE IRAWAN','0',7,0.12,1,'2024-05-01'),('AMIN NUR ROHMAN','Admin Sales & Engineer',8,0.13,1,'2024-05-01'),('CRYSTAL NOVEL LIGAR LESTARI','Admin Sales & Engineer',0,0,0,'2024-05-01'),('HANA NURAINI SOFYAN','Admin Sales & Engineer',5,0.08,2,'2024-05-01'),('INDAH LESTARI','Admin Sales & Engineer',119,1.98,11,'2024-05-01'),('NIKI MUNANDAR','Admin Sales & Engineer',174,2.9,9,'2024-05-01'),('NIRWAN EPENDI','Admin Sales & Engineer',0,0,0,'2024-05-01'),('SLAMET WIDODO','Admin Sales & Engineer',0,0,0,'2024-05-01'),('SYAVIRA SUCI RAMADHITA','Admin Sales & Engineer',0,0,0,'2024-05-01'),('TIAS STEVANI','Admin Sales & Engineer',0,0,0,'2024-05-01'),('ANTHONY SALIM','ERP',0,0,0,'2024-05-01'),('LIM RAH SALIM','ERP',22,0.37,4,'2024-05-01'),('WENDI JOHAN','ERP',10,0.17,3,'2024-05-01'),('ANDIKA SUYITNO','Estimator',124,2.07,13,'2024-05-01'),('ANDREAS THIO MICHAEL','Estimator',34,0.57,6,'2024-05-01'),('DEWI MARIENTA SIAHAAN','Estimator',1,0.02,1,'2024-05-01'),('MICHAEL SURYA WIJAYA','Estimator',245,4.08,2,'2024-05-01'),('ANISA NANDA REZEQI','Finance & Accounting',0,0,0,'2024-05-01'),('HARYO PERDANA SENO AJI','Finance & Accounting',0,0,0,'2024-05-01'),('MARCELINA INDARWATI','Finance & Accounting',17,0.28,5,'2024-05-01'),('MONICA SINAGA','Finance & Accounting',0,0,0,'2024-05-01'),('NARTIN RASBOENGA','Finance & Accounting',116,1.93,3,'2024-05-01'),('NUR AFIFAH ASIATUL','Finance & Accounting',0,0,0,'2024-05-01'),('NURCHOLIS MASJID','Finance & Accounting',8,0.13,4,'2024-05-01'),('SANAH SEDUBUN','Finance & Accounting',0,0,0,'2024-05-01'),('SRI ULINA SARAGIH','Finance & Accounting',0,0,0,'2024-05-01'),('STEPHEN DERMAWAN','Finance & Accounting',0,0,0,'2024-05-01'),('VERA HARTATY NAINGGOLAN','Finance & Accounting',3,0.05,3,'2024-05-01'),('WINA DAMAYANI','Finance & Accounting',1,0.02,1,'2024-05-01'),('YOSEFIN MEYLISTA CHRISTIANTI B','Finance & Accounting',1,0.02,1,'2024-05-01'),('ANANDA YOGA PRASETYO','GTI',0,0,0,'2024-05-01'),('YEN YEN','GTI',0,0,0,'2024-05-01'),('HERI','GTI',0,0,0,'2024-05-01'),('IKHSAN FAZAR HENDIANSYAH','GTI',91,1.52,7,'2024-05-01'),('ADI KURNIAWAN','Logistik',0,0,0,'2024-05-01'),('ARIF NURACHMAN','Logistik',0,0,0,'2024-05-01'),('DWI IRYANTI','Logistik',0,0,0,'2024-05-01'),('FEBRIANSYAH','Logistik',71,1.18,8,'2024-05-01'),('MUHAMMAD RUSLAN NASRULLAH','Logistik',0,0,0,'2024-05-01'),('RESTU CHAIRIL FAHMI','Logistik',4,0.07,1,'2024-05-01'),('SUPRIYANTO','Logistik',0,0,0,'2024-05-01'),('ABDUL KHAIR JABAR','MEP',0,0,0,'2024-05-01'),('AGUS DJULIANTO RAHAJU','MEP',0,0,0,'2024-05-01'),('APRIYANTO','MEP',0,0,0,'2024-05-01'),('CATUR CAHYONO','MEP',0,0,0,'2024-05-01'),('DIAN ARYANI','MEP',0,0,0,'2024-05-01'),('DONNY DWIYANTO','MEP',298,4.97,7,'2024-05-01'),('GAZALI','MEP',396,6.6,11,'2024-05-01'),('HENDRI','MEP',0,0,0,'2024-05-01'),('LIANG MUNANDAR','MEP',0,0,0,'2024-05-01'),('LIDYA JEFRI','MEP',0,0,0,'2024-05-01'),('MARSIDI','MEP',0,0,0,'2024-05-01'),('MOCHAMMAD SALEH','MEP',0,0,0,'2024-05-01'),('MOHHAMMAD SYAHRUL KURNIA','MEP',0,0,0,'2024-05-01'),('MUTYA SILVIA','MEP',2,0.03,1,'2024-05-01'),('NURIL AYU ANIWINDIRA','MEP',0,0,0,'2024-05-01'),('OKTAVIANUS AMBULENGO','MEP',10,0.17,1,'2024-05-01'),('PALMEIDA DESRENNY HARAHAP','MEP',15,0.25,2,'2024-05-01'),('PUTRI RISTI INDRIYANI','MEP',34,0.57,6,'2024-05-01'),('SELAMET SUSILO','MEP',0,0,0,'2024-05-01'),('SRI SUNARTO','MEP',9,0.15,1,'2024-05-01'),('SULAIMAN','MEP',0,0,0,'2024-05-01'),('TARSUN ARAFAN MULYA','MEP',77,1.28,7,'2024-05-01'),('TEGUH KODARMAN','MEP',0,0,0,'2024-05-01'),('VERA NOVERA','MEP',11,0.18,1,'2024-05-01'),('YAMAN','MEP',52,0.87,6,'2024-05-01'),('YUGO ADI SASONO','MEP',46,0.77,1,'2024-05-01'),('ACHMAD YUSUF SAPUTRA','Operation',0,0,0,'2024-05-01'),('ALLANDA','Operation',29,0.48,4,'2024-05-01'),('DEDE JUBAEDAH','Operation',0,0,0,'2024-05-01'),('DENDY ROZANO WIDIYANTO','Operation',106,1.77,9,'2024-05-01'),('DESY FRANSISCA','Operation',0,0,0,'2024-05-01'),('DIMAS WILDANI AL IRHAS','Operation',0,0,0,'2024-05-01'),('DON SEBASTIAN IGNATIUS SIAGIAN','Operation',0,0,0,'2024-05-01'),('EULIS KUSMIATI','Operation',0,0,0,'2024-05-01'),('IKA RESTIANA','Operation',2,0.03,1,'2024-05-01'),('JONI','Operation',0,0,0,'2024-05-01'),('KALTIKA FITRI','Operation',0,0,0,'2024-05-01'),('LULU AWALIYAH','Operation',12,0.2,3,'2024-05-01'),('M EKO AL BADRUN','Operation',2,0.03,1,'2024-05-01'),('MARTA MULJADI','Operation',0,0,0,'2024-05-01'),('NOVERLY SANDRO GOMES','Operation',0,0,0,'2024-05-01'),('PARTO','Operation',0,0,0,'2024-05-01'),('RANDI SEPTIANA','Operation',52,0.87,1,'2024-05-01'),('RENDI MARDIANSAH','Operation',0,0,0,'2024-05-01'),('SUJILAN','Operation',0,0,0,'2024-05-01'),('TEDDY SETIAWAN ZUNAEDI','Operation',0,0,0,'2024-05-01'),('WANTONO','Operation',0,0,0,'2024-05-01'),('YUNANDI YASMIN','Operation',0,0,0,'2024-05-01'),('MUMIN','PCS',0,0,0,'2024-05-01'),('PUTRI AISYATI INRUM','PCS',0,0,0,'2024-05-01'),('AGUS SETIAWAN','PPJM',23,0.38,1,'2024-05-01'),('ANISA CHELSEA ISLAMI','PPJM',0,0,0,'2024-05-01'),('ASEP MAULANA','PPJM',5,0.08,1,'2024-05-01'),('HARYADI','PPJM',0,0,0,'2024-05-01'),('MADI','PPJM',0,0,0,'2024-05-01'),('NONI KOMARIAH SARI','PPJM',2,0.03,2,'2024-05-01'),('NUR WIWID ADHI LAXMANA','PPJM',0,0,0,'2024-05-01'),('RIBKA NOVIANA ANGELINE','PPJM',404,6.73,12,'2024-05-01'),('ROBI AJID','PPJM',532,8.87,7,'2024-05-01'),('SIGIT','PPJM',6,0.1,1,'2024-05-01'),('URIP BUDIYANTO','PPJM',0,0,0,'2024-05-01'),('YAYA KUSWAYA','PPJM',155,2.58,4,'2024-05-01'),('ARIES PURNOMO','Purchasing',0,0,0,'2024-05-01'),('INDRA CHRIST DESWIRA SARAGIH','Purchasing',0,0,0,'2024-05-01'),('MESRAWATI HIA','Purchasing',0,0,0,'2024-05-01'),('WAHYUNI','Purchasing',5,0.08,1,'2024-05-01'),('WINDA NATALISA','Purchasing',48,0.8,6,'2024-05-01'),('YESSE PUTRI DEBITHA','Purchasing',10,0.17,2,'2024-05-01'),('ABDUL ROHMAN','RPE',2,0.03,1,'2024-05-01'),('ABU DZAR AL GHIFARI','RPE',240,4,15,'2024-05-01'),('ASHMIEZAR ADHAM','RPE',252,4.2,16,'2024-05-01'),('NIKEN WAHYUNING CANDRA','RPE',9,0.15,2,'2024-05-01'),('OSLAN SYAHRIL','RPE',22,0.37,2,'2024-05-01'),('PUJI MULATO','RPE',226,3.77,14,'2024-05-01'),('Y RUDI RUMAKSONO','RPE',0,0,0,'2024-05-01'),('BAYU AJI PRABOWO','Sales',25,0.42,2,'2024-05-01'),('DEWI PUSPITASARI','Sales',194,3.23,12,'2024-05-01'),('FAUZIAH FITRI','Sales',66,1.1,8,'2024-05-01'),('GOMGOM SIAGIAN','Sales',0,0,0,'2024-05-01'),('MEIDHITA SUSANDI','Sales',0,0,0,'2024-05-01'),('MOCHTAR JAPAR','Sales',0,0,0,'2024-05-01'),('RONALD YANSEN KOMANSILAN','Sales',256,4.27,12,'2024-05-01'),('SAHAB MARAJIBAL','Sales',172,2.87,8,'2024-05-01'),('WINSTON WIHARTO SUMA','Sales',212,3.53,8,'2024-05-01'),('EMMANUEL HAMONANGAN SIBARANI','Teknisi Service',455,7.58,7,'2024-05-01'),('HANIF NUR PRATAMA','Teknisi Service',0,0,0,'2024-05-01'),('ICVAN FAJAR SETIAWAN','Teknisi Service',0,0,0,'2024-05-01'),('INTAN DWI FATWA','Teknisi Service',0,0,0,'2024-05-01'),('M SYAIFUL BAHRI','Teknisi Service',0,0,0,'2024-05-01'),('AGUSTINUS DWIANTORO','Teknisi TC',3,0.05,2,'2024-05-01'),('AKHMAD PRIYANTO','Teknisi TC',0,0,0,'2024-05-01'),('DEKA PRABOWO','Teknisi TC',5,0.08,1,'2024-05-01'),('SULAIN','Teknisi TC',0,0,0,'2024-05-01'),('SUYITNO','Teknisi TC',0,0,0,'2024-05-01'),('HERU DWI JATMIKO','Tim Bali',0,0,0,'2024-05-01'),('LISDA NURCAHYANI','Tim Bali',0,0,0,'2024-05-01'),('AMIN NUR ROHMAN','Admin Sales & Engineer',0,0,0,'2024-06-01'),('CRYSTAL NOVEL LIGAR LESTARI','Admin Sales & Engineer',0,0,0,'2024-06-01'),('HANA NURAINI SOFYAN','Admin Sales & Engineer',3,0.05,1,'2024-06-01'),('INDAH LESTARI','Admin Sales & Engineer',96,1.6,11,'2024-06-01'),('NIKI MUNANDAR','Admin Sales & Engineer',60,1,5,'2024-06-01'),('NIRWAN EPENDI','Admin Sales & Engineer',0,0,0,'2024-06-01'),('SLAMET WIDODO','Admin Sales & Engineer',0,0,0,'2024-06-01'),('SYAVIRA SUCI RAMADHITA','Admin Sales & Engineer',0,0,0,'2024-06-01'),('TIAS STEVANI','Admin Sales & Engineer',0,0,0,'2024-06-01'),('','Admin Sales & Engineer',0,0,0,'2024-06-01'),('ANTHONY SALIM','ERP',0,0,0,'2024-06-01'),('LIM RAH SALIM','ERP',18,0.3,5,'2024-06-01'),('WENDI JOHAN','ERP',37,0.62,6,'2024-06-01'),('ANDIKA SUYITNO','Estimator',143,2.38,14,'2024-06-01'),('ANDREAS THIO MICHAEL','Estimator',40,0.67,5,'2024-06-01'),('DEWI MARIENTA SIAHAAN','Estimator',56,0.93,4,'2024-06-01'),('MICHAEL SURYA WIJAYA','Estimator',528,8.8,6,'2024-06-01'),('ANISA NANDA REZEQI','Finance & Accounting',0,0,0,'2024-06-01'),('','Finance & Accounting',0,0,0,'2024-06-01'),('MARCELINA INDARWATI','Finance & Accounting',34,0.57,4,'2024-06-01'),('MONICA SINAGA','Finance & Accounting',0,0,0,'2024-06-01'),('NARTIN RASBOENGA','Finance & Accounting',267,4.45,9,'2024-06-01'),('NUR AFIFAH ASIATUL','Finance & Accounting',0,0,0,'2024-06-01'),('NURCHOLIS MASJID','Finance & Accounting',20,0.33,6,'2024-06-01'),('SANAH SEDUBUN','Finance & Accounting',67,1.12,6,'2024-06-01'),('SRI ULINA SARAGIH','Finance & Accounting',0,0,0,'2024-06-01'),('STEPHEN DERMAWAN','Finance & Accounting',0,0,0,'2024-06-01'),('VERA HARTATY NAINGGOLAN','Finance & Accounting',1,0.02,1,'2024-06-01'),('WINA DAMAYANI','Finance & Accounting',0,0,0,'2024-06-01'),('YOSEFIN MEYLISTA CHRISTIANTI B','Finance & Accounting',0,0,0,'2024-06-01'),('ANANDA YOGA PRASETYO','GTI',225,3.75,1,'2024-06-01'),('YEN YEN','GTI',29,0.48,2,'2024-06-01'),('HERI','GTI',48,0.8,1,'2024-06-01'),('IKHSAN FAZAR HENDIANSYAH','GTI',139,2.32,10,'2024-06-01'),('ADI KURNIAWAN','Logistik',0,0,0,'2024-06-01'),('ARIF NURACHMAN','Logistik',30,0.5,5,'2024-06-01'),('DWI IRYANTI','Logistik',0,0,0,'2024-06-01'),('FEBRIANSYAH','Logistik',59,0.98,7,'2024-06-01'),('MUHAMMAD RUSLAN NASRULLAH','Logistik',133,2.22,9,'2024-06-01'),('RESTU CHAIRIL FAHMI','Logistik',3,0.05,2,'2024-06-01'),('SUPRIYANTO','Logistik',409,6.82,2,'2024-06-01'),('','MEP',0,0,0,'2024-06-01'),('','MEP',0,0,0,'2024-06-01'),('APRIYANTO','MEP',27,0.45,3,'2024-06-01'),('CATUR CAHYONO','MEP',0,0,0,'2024-06-01'),('DIAN ARYANI','MEP',1,0.02,1,'2024-06-01'),('DONNY DWIYANTO','MEP',46,0.77,2,'2024-06-01'),('GAZALI','MEP',423,7.05,16,'2024-06-01'),('','MEP',83,1.38,9,'2024-06-01'),('HENDRI','MEP',0,0,0,'2024-06-01'),('LIANG MUNANDAR','MEP',2,0.03,1,'2024-06-01'),('LIDYA JEFRI','MEP',172,2.87,1,'2024-06-01'),('MARSIDI','MEP',0,0,0,'2024-06-01'),('MOCHAMMAD SALEH','MEP',0,0,0,'2024-06-01'),('MOHHAMMAD SYAHRUL KURNIA','MEP',0,0,0,'2024-06-01'),('','MEP',76,1.27,2,'2024-06-01'),('MUTYA SILVIA','MEP',3,0.05,1,'2024-06-01'),('NURIL AYU ANIWINDIRA','MEP',0,0,0,'2024-06-01'),('OKTAVIANUS AMBULENGO','MEP',0,0,0,'2024-06-01'),('PALMEIDA DESRENNY HARAHAP','MEP',0,0,0,'2024-06-01'),('PUTRI RISTI INDRIYANI','MEP',27,0.45,7,'2024-06-01'),('SELAMET SUSILO','MEP',0,0,0,'2024-06-01'),('','MEP',0,0,0,'2024-06-01'),('SULAIMAN','MEP',0,0,0,'2024-06-01'),('TARSUN ARAFAN MULYA','MEP',120,2,7,'2024-06-01'),('TEGUH KODARMAN','MEP',0,0,0,'2024-06-01'),('VERA NOVERA','MEP',52,0.87,4,'2024-06-01'),('','MEP',3,0.05,2,'2024-06-01'),('YUGO ADI SASONO','MEP',0,0,0,'2024-06-01'),('ACHMAD YUSUF SAPUTRA','Operation',0,0,0,'2024-06-01'),('ALLANDA','Operation',105,1.75,11,'2024-06-01'),('DEDE JUBAEDAH','Operation',0,0,0,'2024-06-01'),('DENDY ROZANO WIDIYANTO','Operation',187,3.12,11,'2024-06-01'),('DESY FRANSISCA','Operation',0,0,0,'2024-06-01'),('DIMAS WILDANI AL IRHAS','Operation',7,0.12,1,'2024-06-01'),('DON SEBASTIAN IGNATIUS SIAGIAN','Operation',9,0.15,1,'2024-06-01'),('EULIS KUSMIATI','Operation',0,0,0,'2024-06-01'),('IKA RESTIANA','Operation',12,0.2,1,'2024-06-01'),('JONI','Operation',0,0,0,'2024-06-01'),('KALTIKA FITRI','Operation',0,0,0,'2024-06-01'),('LULU AWALIYAH','Operation',1,0.02,1,'2024-06-01'),('M EKO AL BADRUN','Operation',0,0,0,'2024-06-01'),('MARTA MULJADI','Operation',0,0,0,'2024-06-01'),('NOVERLY SANDRO GOMES','Operation',49,0.82,5,'2024-06-01'),('PARTO','Operation',0,0,0,'2024-06-01'),('RANDI SEPTIANA','Operation',0,0,0,'2024-06-01'),('RENDI MARDIANSAH','Operation',0,0,0,'2024-06-01'),('SUJILAN','Operation',0,0,0,'2024-06-01'),('TEDDY SETIAWAN ZUNAEDI','Operation',4,0.07,3,'2024-06-01'),('WANTONO','Operation',4,0.07,1,'2024-06-01'),('YUNANDI YASMIN','Operation',0,0,0,'2024-06-01'),('','PCS',0,0,0,'2024-06-01'),('PUTRI AISYATI INRUM','PCS',0,0,0,'2024-06-01'),('AGUS SETIAWAN','PPJM',14,0.23,2,'2024-06-01'),('ANISA CHELSEA ISLAMI','PPJM',0,0,0,'2024-06-01'),('ASEP MAULANA','PPJM',21,0.35,1,'2024-06-01'),('HARYADI','PPJM',0,0,0,'2024-06-01'),('MADI','PPJM',13,0.22,1,'2024-06-01'),('NONI KOMARIAH SARI','PPJM',19,0.32,2,'2024-06-01'),('NUR WIWID ADHI LAXMANA','PPJM',38,0.63,4,'2024-06-01'),('RIBKA NOVIANA ANGELINE','PPJM',212,3.53,7,'2024-06-01'),('ROBI AJID','PPJM',262,4.37,10,'2024-06-01'),('SIGIT','PPJM',12,0.2,3,'2024-06-01'),('URIP BUDIYANTO','PPJM',0,0,0,'2024-06-01'),('YAYA KUSWAYA','PPJM',22,0.37,3,'2024-06-01'),('ARIES PURNOMO','Purchasing',0,0,0,'2024-06-01'),('INDRA CHRIST DESWIRA SARAGIH','Purchasing',15,0.25,2,'2024-06-01'),('MESRAWATI HIA','Purchasing',6,0.1,1,'2024-06-01'),('WAHYUNI','Purchasing',23,0.38,3,'2024-06-01'),('WINDA NATALISA','Purchasing',49,0.82,8,'2024-06-01'),('YESSE PUTRI DEBITHA','Purchasing',155,2.58,9,'2024-06-01'),('ABDUL ROHMAN','RPE',39,0.65,3,'2024-06-01'),('ABU DZAR AL GHIFARI','RPE',434,7.23,19,'2024-06-01'),('ASHMIEZAR ADHAM','RPE',219,3.65,15,'2024-06-01'),('','RPE',0,0,0,'2024-06-01'),('NIKEN WAHYUNING CANDRA','RPE',218,3.63,9,'2024-06-01'),('OSLAN SYAHRIL','RPE',38,0.63,4,'2024-06-01'),('PUJI MULATO','RPE',229,3.82,13,'2024-06-01'),('Y RUDI RUMAKSONO','RPE',0,0,0,'2024-06-01'),('BAYU AJI PRABOWO','Sales',258,4.3,11,'2024-06-01'),('DEWI PUSPITASARI','Sales',0,0,0,'2024-06-01'),('FAUZIAH FITRI','Sales',81,1.35,8,'2024-06-01'),('','Sales',10,0.17,1,'2024-06-01'),('MEIDHITA SUSANDI','Sales',0,0,0,'2024-06-01'),('MOCHTAR JAPAR','Sales',0,0,0,'2024-06-01'),('','Sales',0,0,0,'2024-06-01'),('RONALD YANSEN KOMANSILAN','Sales',229,3.82,7,'2024-06-01'),('SAHAB MARAJIBAL','Sales',414,6.9,13,'2024-06-01'),('WINSTON WIHARTO SUMA','Sales',66,1.1,1,'2024-06-01'),('EMMANUEL HAMONANGAN SIBARANI','Teknisi Service',369,6.15,10,'2024-06-01'),('','Teknisi Service',0,0,0,'2024-06-01'),('ICVAN FAJAR SETIAWAN','Teknisi Service',0,0,0,'2024-06-01'),('INTAN DWI FATWA','Teknisi Service',71,1.18,2,'2024-06-01'),('M SYAIFUL BAHRI','Teknisi Service',0,0,0,'2024-06-01'),('AGUSTINUS DWIANTORO','Teknisi TC',3,0.05,2,'2024-06-01'),('AKHMAD PRIYANTO','Teknisi TC',0,0,0,'2024-06-01'),('DEKA PRABOWO','Teknisi TC',74,1.23,4,'2024-06-01'),('SULAIN','Teknisi TC',48,0.8,3,'2024-06-01'),('SUYITNO','Teknisi TC',36,0.6,4,'2024-06-01'),('HERU DWI JATMIKO','Tim Bali',0,0,0,'2024-06-01'),('LISDA NURCAHYANI','Tim Bali',0,0,0,'2024-06-01'),('ADELINE GENIE NATAN','',261,4.35,21,'2024-06-01'),('ARIEF ALAMSYAH','',0,0,0,'2024-06-01'),('ARYA BAGUS','',0,0,0,'2024-06-01'),('DAMARIO MIKAIL YUSUF','',0,0,0,'2024-06-01'),('DAVID CHRISTIAN TAMPUBOLON','',95,1.58,6,'2024-06-01'),('DIAN WAHYU EKO','',0,0,0,'2024-06-01'),('EKI RIKMAWAN SUSILO','',0,0,0,'2024-06-01'),('ERWIN SAPUTRA','',0,0,0,'2024-06-01'),('FARADILLA SISENA','',92,1.53,1,'2024-06-01'),('','',0,0,0,'2024-06-01'),('FLORENCIA DEVI','',0,0,0,'2024-06-01'),('GERU RAZWIS ALFARUG','',0,0,0,'2024-06-01'),('HASTARYO','',5,0.08,1,'2024-06-01'),('IRWAN SAMUDRA','',0,0,0,'2024-06-01'),('IRWANSYAH','',0,0,0,'2024-06-01'),('NADILLA RAHMANUL HAKIM','',0,0,0,'2024-06-01'),('NATALIA ISABELA TUPAMAHU','',0,0,0,'2024-06-01'),('NILAM KHAERUNISA TRISURTI','',0,0,0,'2024-06-01'),('RAUDATUL HASSANAH','',1,0.02,1,'2024-06-01'),('SUKUR MUKLASIN','',0,0,0,'2024-06-01'),('YANA OKTAFIANA','',0,0,0,'2024-06-01'),('YONATAN SETIAWAN','',0,0,0,'2024-06-01'),('YOSUA NAHEMIA WAROKKA','',0,0,0,'2024-06-01'),('YOVIE IRAWAN','',0,0,0,'2024-06-01');
/*!40000 ALTER TABLE `kehadirantotal` ENABLE KEYS */;
UNLOCK TABLES;

--
-- Table structure for table `role`
--

DROP TABLE IF EXISTS `role`;
/*!40101 SET @saved_cs_client     = @@character_set_client */;
/*!50503 SET character_set_client = utf8mb4 */;
CREATE TABLE `role` (
  `id` int NOT NULL,
  `role` varchar(30) DEFAULT NULL,
  PRIMARY KEY (`id`)
) ENGINE=InnoDB DEFAULT CHARSET=utf8mb4 COLLATE=utf8mb4_0900_ai_ci;
/*!40101 SET character_set_client = @saved_cs_client */;

--
-- Dumping data for table `role`
--

LOCK TABLES `role` WRITE;
/*!40000 ALTER TABLE `role` DISABLE KEYS */;
INSERT INTO `role` VALUES (1,'HRD'),(2,'staff'),(3,'admin');
/*!40000 ALTER TABLE `role` ENABLE KEYS */;
UNLOCK TABLES;

--
-- Temporary view structure for view `telat_per_divisi`
--

DROP TABLE IF EXISTS `telat_per_divisi`;
/*!50001 DROP VIEW IF EXISTS `telat_per_divisi`*/;
SET @saved_cs_client     = @@character_set_client;
/*!50503 SET character_set_client = utf8mb4 */;
/*!50001 CREATE VIEW `telat_per_divisi` AS SELECT 
 1 AS `divisi`,
 1 AS `bulan`,
 1 AS `tahun`,
 1 AS `telat_per_bulan`,
 1 AS `total_menit_per_bulan`,
 1 AS `total_jam_per_bulan`*/;
SET character_set_client = @saved_cs_client;

--
-- Temporary view structure for view `telat_per_karyawan`
--

DROP TABLE IF EXISTS `telat_per_karyawan`;
/*!50001 DROP VIEW IF EXISTS `telat_per_karyawan`*/;
SET @saved_cs_client     = @@character_set_client;
/*!50503 SET character_set_client = utf8mb4 */;
/*!50001 CREATE VIEW `telat_per_karyawan` AS SELECT 
 1 AS `nama`,
 1 AS `bulan`,
 1 AS `tahun`,
 1 AS `telat_per_bulan`,
 1 AS `total_menit_per_bulan`,
 1 AS `total_jam_per_bulan`*/;
SET character_set_client = @saved_cs_client;

--
-- Table structure for table `user`
--

DROP TABLE IF EXISTS `user`;
/*!40101 SET @saved_cs_client     = @@character_set_client */;
/*!50503 SET character_set_client = utf8mb4 */;
CREATE TABLE `user` (
  `nama` varchar(255) DEFAULT NULL,
  `pass` varchar(255) DEFAULT NULL,
  `role_id` int DEFAULT NULL,
  `divisi` varchar(30) DEFAULT NULL
) ENGINE=InnoDB DEFAULT CHARSET=utf8mb4 COLLATE=utf8mb4_0900_ai_ci;
/*!40101 SET character_set_client = @saved_cs_client */;

--
-- Dumping data for table `user`
--

LOCK TABLES `user` WRITE;
/*!40000 ALTER TABLE `user` DISABLE KEYS */;
INSERT INTO `user` VALUES ('sujilan','pass',2,'D08'),('nartin rasboenga','pass',2,'D04'),('WINA DAMAYANI','pass',2,'D04'),('SULAIN','pass',2,'D16'),('RONALD YANSEN KOMANSILAN','pass',2,'D13'),('INDAH LESTARI','pass',2,'D01'),('PARTO','pass',2,'D08'),('FEBRIANSYAH','pass',2,'D06'),('PUTRI RISTI INDRIYANI','pass',2,'D07'),('YESSE PUTRI DEBITHA','pass',2,'D11'),('DEDE JUBAEDAH','pass',2,'D08'),('INDRA CHRIST DESWIRA SARAGIH','pass',2,'D11'),('SRI ULINA SARAGIH','pass',2,'D04'),('STEPHEN DERMAWAN','pass',2,'D04'),('HANA NURAINI SOFYAN','pass',2,'D01'),('CRYSTAL NOVEL LIGAR LESTARI','pass',2,'D01'),('SANAH SEDUBUN','pass',2,'D04'),('DEWI MARIENTA SIAHAAN','pass',2,'D03'),('KALTIKA FITRI','pass',2,'D08'),('NIKI MUNANDAR','pass',2,'D01'),('WINSTON WIHARTO SUMA','pass',2,'D13'),('NIRWAN EPENDI','pass',2,'D01'),('MICHAEL SURYA WIJAYA','pass',2,'D03'),('ANDIKA SUYITNO','pass',2,'D03'),('SLAMET WIDODO','pass',2,'D01'),('DEWI PUSPITASARI','pass',2,'D13'),('ASEP MAULANA','pass',2,'D10'),('ADELINE GENIE NATAN','pass',2,NULL),('JONI','pass',2,'D08'),('MUTYA SILVIA','pass',2,'D07'),('MARTA MULJADI','pass',2,'D08'),('RESTU CHAIRIL FAHMI','pass',2,'D06'),('LIDYA JEFRI','pass',2,'D07'),('ANDREAS THIO MICHAEL','pass',2,'D03'),('CATUR CAHYONO','pass',2,'D07'),('SAHAB MARAJIBAL','pass',2,'D13'),('MESRAWATI HIA','pass',2,'D11'),('RANDI SEPTIANA','pass',2,'D08'),('MEIDHITA SUSANDI','pass',2,'D13'),('MUHAMMAD RUSLAN NASRULLAH','pass',2,'D06'),('IKA RESTIANA','pass',2,'D08'),('APRIYANTO','pass',2,'D07'),('ARIES PURNOMO','pass',2,'D11'),('GAZALI','pass',2,'D07'),('ARIF NURACHMAN','pass',2,'D06'),('NURCHOLIS MASJID','pass',2,'D04'),('VERA HARTATY NAINGGOLAN','pass',2,'D04'),('ANTHONY SALIM','pass',2,'D02'),('M EKO AL BADRUN','pass',2,'D08'),('LISDA NURCAHYANI','pass',2,'D15'),('NUR AFIFAH ASIATUL','pass',2,'D04'),('NONI KOMARIAH SARI','pass',2,'D10'),('WENDI JOHAN','pass',2,'D02'),('Lulu Awaliyah','pass',2,'D08'),('INTAN DWI FATWA','pass',2,'D14'),('WAHYUNI','pass',2,'D11'),('AMIN NUR ROHMAN','pass',2,'D01'),('PALMEIDA DESRENNY HARAHAP','pass',2,'D07'),('TEDDY SETIAWAN ZUNAEDI','pass',2,'D08'),('OKTAVIANUS AMBULENGO','pass',2,'D07'),('DIMAS WILDANI AL IRHAS','pass',2,'D08'),('SELAMET SUSILO','pass',2,'D07'),('EMMANUEL HAMONANGAN SIBARANI','pass',2,'D14'),('DWI IRYANTI','pass',2,'D06'),('ALLANDA','pass',2,'D08'),('SYAVIRA SUCI RAMADHITA','pass',2,'D01'),('TARSUN ARAFAN MULYA','pass',2,'D07'),('FAUZIAH FITRI','pass',2,'D13'),('MOHHAMMAD SYAHRUL KURNIA','pass',2,'D07'),('HENDRI','pass',2,'D07'),('Eulis Kusmiati','pass',2,'D08'),('TEGUH KODARMAN','pass',2,'D07'),('DIAN ARYANI','pass',2,'D07'),('Rendi Mardiansah','pass',2,'D08'),('YUNANDI YASMIN','pass',2,'D08'),('ACHMAD YUSUF SAPUTRA','pass',2,'D08'),('MONICA SINAGA','pass',2,'D04'),('DESY FRANSISCA','pass',2,'D08'),('DON SEBASTIAN IGNATIUS SIAGIAN','pass',2,'D08'),('LIANG MUNANDAR','pass',2,'D07'),('PUTRI AISYATI INRUM','pass',2,'D09'),('TIAS STEVANI','pass',2,'D01'),('VERA NOVERA','pass',2,'D07'),('MOCHAMMAD SALEH','pass',2,'D07'),('Dendy Rozano Widiyanto','pass',2,'D08'),('SULAIMAN','pass',2,'D07'),('MARSIDI','pass',2,'D07'),('DONNY DWIYANTO','pass',2,'D07'),('NURIL AYU ANIWINDIRA','pass',2,'D07'),('MU\'MIN','pass',2,NULL),('SRI SUNARTO','pass',2,'D07'),('HANIF NUR PRATAMA','pass',2,'D14'),('AGUS DJULIANTO RAHAJU','pass',2,'D07'),('YAMAN','pass',2,'D07'),('ABDUL KHAIR JABAR','pass',2,'D07'),('HARYO PERDANA SENO AJI','pass',2,'D04'),('HARDIANSYAH SAPUTRA','pass',2,'D07'),('MUHAMMAD RANDIKA RAHMANDA','pass',2,'D07'),('WIDI SITRIAN TELAUMBANUA','pass',2,'D01'),('NOUVAL HIDAYAT MUCHTAR','pass',2,'D13'),('ESSY ADELINA','pass',2,NULL),('NANDA NABILA AULIA FAJRI','pass',2,NULL),('Bimo Purnomo','pass',2,'D08'),('M Auddly Fauzan','pass',2,'D08'),('BAYU AJI PRABOWO','pass',2,'D13'),('SUYITNO','pass',2,'D16'),('Y RUDI RUMAKSONO','pass',2,'D12'),('AGUSTINUS DWIANTORO','pass',2,'D16'),('HERU DWI JATMIKO','pass',2,'D15'),('PUJI MULATO','pass',2,'D12'),('DEKA PRABOWO','pass',2,'D16'),('M SYAIFUL BAHRI','pass',2,'D14'),('NIKEN WAHYUNING CANDRA','pass',2,'D12'),('ASHMIEZAR ADHAM','pass',2,'D12'),('ABU DZAR AL GHIFARI','pass',2,'D12'),('ABDUL ROHMAN','pass',2,'D12'),('AKHMAD PRIYANTO','pass',2,'D16'),('ICVAN FAJAR SETIAWAN','pass',2,'D14'),('MARCELINA INDARWATI','pass',2,'D04'),('IAN LESMANA','pass',2,'D12'),('admin','pass',2,NULL),('ANANDA YOGA PRASETYO','pass',2,'D05'),('SUPRIYANTO','pass',2,'D06'),('YEN YEN','pass',2,'D05'),('ADI KURNIAWAN','pass',2,'D06'),('HERI','pass',2,'D05'),('WANTONO','pass',2,'D08'),('LIM RAH SALIM','pass',2,'D02'),('IKHSAN FAZAR HENDIANSYAH','pass',2,'D05'),('GOMGOM SIAGIAN','pass',2,'D13'),('WINDA NATALISA','pass',2,'D11'),('NUR WIWID ADHI LAXMANA','pass',2,'D10'),('URIP BUDIYANTO','pass',2,'D10'),('ROBI AJID','pass',2,'D10'),('RIBKA NOVIANA ANGELINE','pass',2,'D10'),('SIGIT','pass',2,'D10'),('YAYA KUSWAYA','pass',2,'D10'),('MADI','pass',2,'D10'),('HARYADI','pass',2,'D10'),('AGUS SETIAWAN','pass',2,'D10'),('YOSEFIN MEYLISTA CHRISTIANTI BRIA','pass',2,'D04'),('YANA OKTAFIANA','pass',2,NULL),('ANISA NANDA REZEQI','pass',2,'D04'),('ANISA CHELSEA ISLAMI','pass',2,'D10'),('WIJANARKO','pass',2,NULL),('MOCHTAR JAPAR','pass',2,'D13'),('HRD_LA','pass',1,'D08'),('APPR_JO','pass',3,'D08'),('HRD_EK','pass',1,'D08'),('APPR_SW','pass',3,NULL),('APPR_NR','pass',3,NULL),('APPR_BO','pass',3,NULL),('APPR_SI','pass',3,NULL),('APPR_YU','pass',3,NULL),('APPR_NA','pass',3,NULL);
/*!40000 ALTER TABLE `user` ENABLE KEYS */;
UNLOCK TABLES;

--
-- Final view structure for view `telat_per_divisi`
--

/*!50001 DROP VIEW IF EXISTS `telat_per_divisi`*/;
/*!50001 SET @saved_cs_client          = @@character_set_client */;
/*!50001 SET @saved_cs_results         = @@character_set_results */;
/*!50001 SET @saved_col_connection     = @@collation_connection */;
/*!50001 SET character_set_client      = cp850 */;
/*!50001 SET character_set_results     = cp850 */;
/*!50001 SET collation_connection      = cp850_general_ci */;
/*!50001 CREATE ALGORITHM=UNDEFINED */
/*!50013 DEFINER=`root`@`localhost` SQL SECURITY DEFINER */
/*!50001 VIEW `telat_per_divisi` AS select `b`.`divisi` AS `divisi`,monthname(`a`.`tgl_absen`) AS `bulan`,year(`a`.`tgl_absen`) AS `tahun`,count(`a`.`telat`) AS `telat_per_bulan`,round((sum(`a`.`telat`) / count(`b`.`divisi`)),2) AS `total_menit_per_bulan`,round(((sum(`a`.`telat`) / count(`b`.`divisi`)) / 60),2) AS `total_jam_per_bulan` from (`kehadiran` `a` join `user` `b` on((`b`.`nama` = `a`.`nama`))) where ((`a`.`telat` > 0) and (year(`a`.`tgl_absen`) = '2024')) group by `b`.`divisi`,`bulan`,`tahun` order by `b`.`divisi` */;
/*!50001 SET character_set_client      = @saved_cs_client */;
/*!50001 SET character_set_results     = @saved_cs_results */;
/*!50001 SET collation_connection      = @saved_col_connection */;

--
-- Final view structure for view `telat_per_karyawan`
--

/*!50001 DROP VIEW IF EXISTS `telat_per_karyawan`*/;
/*!50001 SET @saved_cs_client          = @@character_set_client */;
/*!50001 SET @saved_cs_results         = @@character_set_results */;
/*!50001 SET @saved_col_connection     = @@collation_connection */;
/*!50001 SET character_set_client      = cp850 */;
/*!50001 SET character_set_results     = cp850 */;
/*!50001 SET collation_connection      = cp850_general_ci */;
/*!50001 CREATE ALGORITHM=UNDEFINED */
/*!50013 DEFINER=`root`@`localhost` SQL SECURITY DEFINER */
/*!50001 VIEW `telat_per_karyawan` AS select `kehadiran`.`nama` AS `nama`,monthname(`kehadiran`.`tgl_absen`) AS `bulan`,year(`kehadiran`.`tgl_absen`) AS `tahun`,count(`kehadiran`.`telat`) AS `telat_per_bulan`,sum(`kehadiran`.`telat`) AS `total_menit_per_bulan`,(sum(`kehadiran`.`telat`) / 60) AS `total_jam_per_bulan` from `kehadiran` where (`kehadiran`.`telat` > 0) group by `kehadiran`.`nama`,`bulan`,`tahun` order by `kehadiran`.`nama` */;
/*!50001 SET character_set_client      = @saved_cs_client */;
/*!50001 SET character_set_results     = @saved_cs_results */;
/*!50001 SET collation_connection      = @saved_col_connection */;
/*!40103 SET TIME_ZONE=@OLD_TIME_ZONE */;

/*!40101 SET SQL_MODE=@OLD_SQL_MODE */;
/*!40014 SET FOREIGN_KEY_CHECKS=@OLD_FOREIGN_KEY_CHECKS */;
/*!40014 SET UNIQUE_CHECKS=@OLD_UNIQUE_CHECKS */;
/*!40101 SET CHARACTER_SET_CLIENT=@OLD_CHARACTER_SET_CLIENT */;
/*!40101 SET CHARACTER_SET_RESULTS=@OLD_CHARACTER_SET_RESULTS */;
/*!40101 SET COLLATION_CONNECTION=@OLD_COLLATION_CONNECTION */;
/*!40111 SET SQL_NOTES=@OLD_SQL_NOTES */;

-- Dump completed on 2024-08-23 10:47:30
